ID,الكلمة الحضرمية,الفصحى,الشرح الكامل
1,أم حبيل,العنكبوت,العنكبوت.
2,إبط,التباطؤ والتريث,وهو التباطؤ والتريث ،والمثل القائل):إبط تسرع( ،وهو يوافق المثل العربي القائل) :في التأني السلامة وفي العجلة الندامة(.
3,آل,أداة انتساب وتعريف,أداة إشارة و انتساب فنقول ) :آل فلان( )آل الشرج( )آل المكلا( ،وأيضًا لمعرفة الأهل والأصحاب والأسر والقبائل والتجمعات والطوائف والملل وما ينسبون إليه أو يعرفون به ،فنقول)آل بانافع( )آل البلاد( )آل القطن( )آل زمان أول( )آل البحر( )آل بايزيد( )آل الغار الاحمر(.
4,ألأمات,المشيمة - الكيس الخارج مع الجنين,بتشديد الميم ،وهي الكيس الخارج من الجنين عند الولادة.
5,أبوي,الأب أو الوالد,وهو الأب أو الوالد ،والواو لابد منها فهي ضرورية عند نطق هذه الكلمة ،فلا يقال أبي أو البابا ،وأما عندما ينادى الأب فهناك أكثر من كلمة تستعمل مثل أباه ،يابه ،يابوي ،باه وهي تختلف حسب المنطقة وحسب القبيلة.
6,أبب,لفظه لا معنى لها إلا التأكد الشديد أو للتض,وهي لفظه لا معنى لها إلا التأكد الشديد أو للتضخيم والاستغراب أو للمبالغة وللاندهاش ،وهي لفظه سماعية فقط ،فمثلاً للتأكيد نقول) :أُبب أنا معاكم أو وراكم( ،وللمبالغة والتأكيد الشديد وللتضخيم نقول) :أُبب كبير أو أُبب طويل قصير( ،وتتكرر الباء في هذه اللفظة كثيراً حسب التأكيد الشديد وزيادة المبالغة فيقال) :أُببببب.(
7,أبدا,للنفي القاطع,وهي للنفي القاطع ،وتنطق منونةً في اللهجة الحضرمية ،فيقال ) :أبداً ما جلست أو أبداً ما قد خرج الشارع أو ما قد لعبت كرة( ،وينطقها البعض فيقول) :ابد ما قد حصل كذا ، ( ...بدون تنوين.
8,أثره ، أثرك,حسبته في المكلا وضننته فيها,يقال ):بحثت عنه في المكلا أثرة سافر( ،أي حسبته في المكلا وضننته فيها ،أي تبين واتضح انه سافر ،ويقال ) :صدقتك أثرك تكذب( ويعني أنك تكذب .
9,أثر,نتيجة تذكر,يعني ترك عليه انطباعاً مغاير جديداً وعلامة ،يقال ) :أثّر عليه صديقه أو أثَّرت عليه القضية( ) ،بتشديد الثاء( ) ،وما يتأثر فيه الضرب( ،أي لا ينفع معه التأديب لأنه لا يأتي معه بأي نتيجة تذكر .
10,أثم,إن فمه حجمه كبير,وهو فم الإنسان ،يقال ):سعِيد إثّمه كَبير( ،أي إن فمه حجمه كبير ،ويقال أيضاً ) :سالمين إثّمه ملاَن بالكَلام ( ،يعني انه لديه الرغبة والاستعداد بالحديث ،ويقال ):إثّمه مفْتوحة( ،أي انه اعتاد على غيبة الناس والطن والجرح فيهم والمثل القائل ):إيدي في إثمُه وصبعه في عيني(.
11,أربيه,التهاب في الفخذ,تصلّبات والآم عضلية بدون تورم كبير بجانب العانة في الفخذ ،تصاحبها تكسير وحمة ،وتنتج من الجرح في الإنسان أو من وخز الإبر ،بسبب عدم براعة الممرض.
12,أثث,جهز البيت من أثاث,عند تجهيز البيت يقال أثث ،ويعني جهز البيت من متاع وغيره ،وهي تعتبر لفظه مستحدثه في اللغة الحضرمية ،وبالمقابل لها مرادف وهي فَرش البيت.
13,إثم,ذنب يقال :مسكين فلان حصل إثم,بمعنى ذنب يقال) :مسكِين فلان حصل إثْم ( ،أي إن فلان من الناس قد وجد من عمل سيئ أو لقي جزاءه ذنب.
14,الأوادم,وهم البشر,وهم البشر ،والآدمي واحدهم يقال) :تكلّمت على الأوادم ( ،أي تكلّمت على مجموعة من الناس.
15,إستادى,اشتكى,أي اشتكى يقال):ما قد حد استأدى منه( أي لم يسبق لأحد أن اشتكى منه، والذال تحول إلى دال في كلمة أستأذى في لهجة حضرموت في الساحل خاصة.
16,انقاص البرد,البرد المتساقط مع المطر,وهو البرد الذي يترل مع المطر ويختلف حجمه.
17,إثل,شجرة الأثل,بكسر الهمزة أو فتحها ،وهي نوع من الشجر ينموا تلقائياً ،وهي تكثر في وادي حضرموت مثلها مثل شجرة السدر )الدوم( ،قال تعالى :فَأَعرضوا جنتيهِم جنتينِ ذَواتى أُكُلٍ خمطٍ وأَثْلٍ فَأَرسلْنا علَيهِم سيلَ الْعرِمِ وبدلْناهم بِ وشيءٍ من سِدرٍ قَلِيلٍ ) (١٦سورة سبأ .
18,الأ زميل,الإزميل - أداة النحت,أداه تستخدم للنحت والنقش والحفر في الخشب ،وفي الصخر و المعادن .
19,إيبله,بالله - قسم,بكسر الهمزة وكسر اللام المشددة ،أي باالله :الإيجاب المشفوع بالقسم ،وهي من الكلمات التي يستعملها أهل البادية كثيراً .
20,الأقصام,جريد النخل,أقصام النخل ،جريد النخل ،يستفاد منها كثيراً في عمل سقف من جريد النخل أو من أقصام النخل ،يجف بعد أن يترع من جذع النخلة ،ومفردها يقال له قُصم.
21,الليف,الليف - ألياف النخلة,الألياف المتشابكة التي تكون في النخلة ،وتكون باستدارة جذع النخلة ، وحول الكرب ،ويستخدمها البعض لتنظيف الأواني عوضاً عن الليفة الصناعية.
22,أقليد,قفل خشبي تقليدي,وهو تحفه فنية ،مكونة من عود خشبي لإغلاق وفتح الأبواب ،يستخدم لفتحه عود خشبي أيضاً به أسنان خشبية ،ولابد للأقليد من أسنان تختلف من واحد لأخر حتى لا يستطيع فتحه إلا من بيده الأقليد ،وهو بمثابة المفتاح الحديدي في وقتنا هذا والمثل القائل) :خوك إقليدك(.
23,إبره,حقنة طبية,وجمعها إبر ،وهي الحقنة والحقن الطبية ،يحقن ا الجسم بالأمصال والأدوية السائلة للعلاج والوقاية معاً.
24,اشر -اشر,ضع علامة - أشر,أي إعلم أو ارسم إشارة ،يقولون اشِر أو اشر في الكتاب أي إعلم علامة ،أو إشارة في الكتاب أو أشر عليه بإصبعه أي أشار عليه.
25,أكشف,طبعه سيئ ورديء وعنيد,أي طبعه سيئ ورديء وعنيد ،والكشافة العناد ،والمثل القائل) :فقر وكشافه( وممكن أن يقال على الآت أو الأجهزة ،فيقال ):جهاز أكشف ( ،أي انه ردئ وغير صالح للعمل.
26,أيوا -إيوا,تقال للإيجاب :نعم,تقال للإيجاب) :نعم ( ،أو عند إيجابية الداعي.
27,إبزم,إبزيم - مشبك الحزام,قطعتان معدنيتان تتشابكان لربط الحزام.
28,أبل,حلوى حضرمية - كعك صغير,بضم الهزة وتشديد الباء المفخمة ،وهو نوع من المعجنات والحلويات التي تعمل في حضرموت ،وهو عبارة عن كعك صغير الحجم هش حلو المذاق لاحشوة فيه.
29,إبليس,الذكي والشيطنة,وهو أبو الشياطين وكبيرهم ،يقال ):ولد أو ود إبليس ،وبنت إبليس( صفه للشخص الخبيث ،وأيضاً تأتي بمعنى الذكي والشيطنة.
30,أبو,كنية - أبو فلان,للكنية كما في العربية ،وتنطق بو عمر ،بوحمد ،بو سالم وتذغم الألف تماماً.
31,ام سبعة وسبعين,يعني وقف السيارة,هي أم أربعة و أربعين ،لها أرجل كثيرة تلذغ. أُوب صرخة لإيقاف سائق السيارة ،فيقال ):اوب عندك ( ،أي يعني وقِّف السيارة.
32,امبوه,الماء,وهو الماء ،وهذه الكلمة خاصة بالأطفال يلقنون ا لكي يسهل عليهم نطقها في حالة رغبتهم في الحصول على الماء.
33,أح,آه - تعبير ألم أو إعجاب,بفتح الهمزة وتشديد الحاء ،للتأوه أه ،وهي كلمه دائماً ما تستخدمها الإناث في حالة إعجاا بشي معين مثلاً يقال ) :أح من ذاك القماش( ،يعني ما أجمله وما أحلاه من ذلك القماش ،كذلك يقولون لتقليل من عمل شخص معين مثلاً) :أح منك ما سويتها زين( ،كذلك لفظة المتألم إذا لسعته النار أو لسعة حرارة والمثل القائل) :دحق على الجمر ولا تقول أح( ،وأيضا لفظة عندما يأكل الإنسان الفلفل والبسباس والمثل يقول ):من بغاء البح لا يقول أح( ، والمثل الآخر القائل ):لا تقول أح يسمعك العدو يفرح(.
34,الآجر,الطوب المحروق,والجيم هنا ينطق ) يا ( دائماً في حضرموت الساحل وجزء كبير من الوادي ، والآجر هو طوب أحمر من الطين المحروق في الأفران ،ويحرق بالنار حتى يقسى قساوة شديدة ،بنيت منه المساجد القديمة جداً في حضرموت ،وبني منه جامع )هارون( بشام القديم.
35,اكس عليه,ألغيه وتجاهله أو أستبعده ألبته,بتشديد الكاف ،يقال على شخص معين أو على موضوع ،فيقال ):إكّس عليه ( ،أي ألغيه وتجاهله أو أستبعده ألبته.
36,الأود,حصة الري الزراعي,حصة الري للزرع.
37,الأسته,الغبي الأهبل,الأهبل أو الغبي قليل الفهم ،وينطق أحياناً بدون الألف )سته(
38,أوقيه,أوقية - وحدة وزن,معيار وزن معروف في حضرموت قل استخدامه الآن بعد استبداله بوزن الرطل والكيلو .
39,اص - أصه,يطلب منه الصمت عن هذا الكلام لأنه غير مقب,لطلب السكوت والهدوء وعدم رفع الصوت ،وتأتي أحياناً للاستنكار والاعتراض على الكلام والتتهكم عليه ،أي يطلب منه الصمت عن هذا الكلام لأنه غير مقبولاً على الإطلاق ،وأن يدع ويترك مثل هذا الحديث.
40,أواق,عملة قديمة,عمله حضرمية قديمة.
41,الأيك,رقم 1 في الدومينو,في لعبة الضمنه ،كما تسمى في حضرموت )الدمينو( ،هو الرقم ). (١
42,إدحق - دحق,امش - دس بقوة,بكسر الألف و تسكين الدال و فتح الحاء ،بمعنى أمشي مثلاً يقال) :ادحق بسرعه( أي امشي بسرعه ،ودوس أو ادعس مثلاً يقال):ادحق عليه بقوه( أي دوس عليه بقوه .
43,أرقش,ملون ببني وأبيض,بني مع البياض :مثلاً يقال):هذا طير أرقش( ،أي لونه بني مع قليل من البياض.
44,أطلس,قماش ناعم أملس,ذو الملمس الناعم الأملس ،وهو نوع من أنواع القماش.
45,اش,زجر الطيور والحشرات,لفظة لنهر وطرد وتفريق الحشرات أو الحيوانات أو الطيور .
46,ايش,ماذا,لفظة للاستفهام غالبا ،وللتساؤل المتعجب أحيانا )،ايش هذا ؟ ( ما هذا ؟ ،
47,بعره,روث المواشي,روث الماشية وجمعها بعر.
48,برك,مبروك,أي مبروك ،ومن المباركة .
49,بلي,بالذي - بمعنى,أي بالذي يقال) :أيش اسوي بلي قدامي( أي ماذا أسوي بالذي أمامي.
50,بخت,نصيب وحظ,وهو النصيب أو الحظ ،والمثل القائل):أبو العيال ربع بخت( ،والمثل يقال للمرأة التي ترضى بزوج له أولاد فنصيبها وحظها ليس بكامل.
51,يئذن,يقوم بالآذان,أي يقوم بالآذان ،وهو رفع صوت الآذان للإعلام بدخول الصلاة ،والمثل القائل ):يئذِّن عند أصقع(.
52,بواه,بماذا - ماذا,بمعنى بأي شئ أو بماذا ،والواه تعني ماذا ،يقول الشاعر):نكتب بواه صبحت مثل الساعية فوق القِشار(.
53,البغزيز,سمك مملح محفوظ,سمك يملَّح لغرض حفظه ،له رائحة غير مستحبة.
54,بنزر,لفة الغزل الكاملة,لفة الغزل كاملة.
55,بلاش,مجانا,مجاناً.
56,با محقب,العنكبوت,العنكبوت.
57,بزبز,قصبة الرشبة أو الشيشة النارجيلة,قصبة الرشبة أو الشيشة )النارجيلة(.
58,بوفتيله,بندقية قديمة تحشى بارود,نوع من السلاح القديم ،يحشى فيه البارود المتفجر.
59,باقرنقاح,تورح يصيب الأطفال في إحدى الفكين أوكلاهما,تورح يصيب الأطفال في إحدى الفكين أوكلاهما.
60,بطاح,الرملالكثيب,الرمل)الكثيب(٠
61,بغية,من أجود أنواع العسل,من أجود أنواع العسل.
62,با,سوف - حرف تسويف,لفظه بمعنى سوف ،وتكون قبل الأفعال للتسويف فنقول):بانجلس ، بايروحون ،بايفعلون ،بايموتون ..الخ( ،ولفظة بمعنى ربما ،فنقول )با( يقع أي ربما )سيقع( سيكون. وتسبق أسماء كثيرة من العائلات الحضرمية حيث اشتهرت ا كثير من قبائل حضرموت مثلاً نقول ):باطاهر ،باعمر ،باعلي ،بارفعه ،باعيقة ،باعقبة، بانخر ،باأنف ،باأسد ،باعري باراس،باكور( وهذه التسميات إما تسميات لأسماء أناس أو حيوانات أو مخلوقات أو جمادات أو أماكن ..الخ.
63,باير,رديء فاسد غير صالح,بمعنى رديء وسيئ ومخادع ومحتال ،يقولون):إنسان باير( ،أي إنسان رديء وغير صالح ومخادع ويقولون ):بضاعة بايره( ،أي تالفة وغير صالحه والمثل القائل ):بضاعة بايره ولا غريم مطل(.
64,بيح,فسحة رعي الحيوانات,بمعنى الفسحة أو الرخصة ،والمراد به الترخيص للحيوان والنشرة برعي الكلاء والعشب بكل حرية مطلقة بعد ما كان ممنوعاً من قبل عليها.
65,باع,وحدة طول سم,جمعه ) باعات ( ،وهي المسافة من طرف الأنف إلى اية إصبع اليد اليمنى ممدودة حوالي ١٠٨سم ،كما جاءت هذه اللفظة في الحديث المشهور )ما تقرب مني عبدي ...الحديث(.
66,البنطلون,البنطال,البنطال.
67,بزبوز,كثير الكلام,وهي )الحنفية( صنبور الماء ،أحياناً تلقَّب للشخص الكثير الكلام يقال) :هذا شخص بزبوز( ،أي كثير الكلام.
68,البرنص,يوضع على الرأس وحول الصدر وعلى الكتفين,يوضع على الرأس وحول الصدر وعلى الكتفين ،مع بقاء صفحة الوجه ظاهرة.
69,باشته,ورقة الكوتشينة المعروفة,ورقة الكوتشينة المعروفة.
70,البوني,الباب الذي يفصل بين جناح وآخر في البيت,الباب الذي يفصل بين جناح وآخر في البيت.
71,بشق,اختلى به - في جانب,في جانب يقول الشاعر) :انته بشق يا كامل الأوصاف والدنيا بشق(.
72,بر زبه,اختلى به,أي اختلى به ،يقال):بغيت بابرز بك( ،أي أريد محادثتك على انفراد ، )والبرزة ( الكلام مع آخر على انفراد ،وفلان ) مبرز ( يعني لوحده في الس متفرد وحيد مبتعد في ركن الس بخلاف الآخرين المتقاربين والمثل القائل: )برز بي وقل لي حب أمك(.
73,البكرة,عمود دائري من الحجر يرفع به السقف,وهي عمود دائري من الحجر يرفع به السقف ،يضع في كل غرف الدور الأرضي تبعا لحاجة مساحة الغرفة.
74,با فتيله,فانوس صغير شمعته مصنوعة من القماش مغموسة في قاز,فانوس صغير شمعته مصنوعة من القماش مغموسة في قاز )،شمعة الكيروسين (.
75,البنص,قطعة قماش مستطيلة,هو قطعة قماش مستطيلة ،مخيطة بصورة بسيطة جدا ،يخيطون جهة من المستطيل مع بقاء الفتحة المخصصة للوجه ،ويخيطون بجهة أعلى الوجه قرنان أو خيطان لشد البنص بعد لبسه بما يشبه عصابة الرأس والبنص للمرأة غطاء الرأس حال الصلاة ،وتستمر العذراء بلبسه في البيت ،ولا تكاد تخلعه ،وتلبسه العجوز عند منامها كذلك.
76,ار,وحدة وزن حوالي 300 رطل,معيار مقياس وزن معروف وهو تقريباً ٣٠٠رطلاً.وغالبا ما يزن به التمر .
77,بقش,النقود والفلوس,بكسر الباء و فتح القاف ،بمعنى فلوس والنقود.
78,البرمه,نوع من القدور,نوع من القدور المستورة .
79,الباغ,قصر السلطان,قصر للسلطان في الغيل ،وهو شبيه بتاج محل الشهير في الهند .
80,بنه,عرض الإبهام حوالي 2سم,وهي عرض الإام حوالي ٢سم.
81,البيت,مخزن في الحصن,المخزن في الحصن ونحوه.
82,برقع,ما تحجب المرأة وجهها به,ما تحجب المرأة وجهها به ،ويختلف البرقع حسب كل منطقة في حضرموت .
83,بسط,الفطور,بفتح الباء ،بمعنى الفطور ،والمثل القائل):بسط بخسارة(.
84,البوري,رأس شيشة النارجيلة,هو رأس الرشبة أو الشيشة )النارجيلة( الذي يوضع فيه مادة التبغ أو المعسل عند المزِيز.
85,باصواب,مطر خفيف جدا,طشطشت المطر الصغير جداً ،المطر الخفيف .
86,باصيقع او الصقع,طائر يشبه الحمام,طائر مائل إلى لون الاخضرار ،لا يفر من الأصوات نظراً لضعف في سمعه ،من فصيلة الحمام ،شبيه بطائر العول.
87,بانه,مفتاح ربط الصواميل,مفتاح الصواميل
88,بسر,البلح المتلون قبل النضج,البلح وقد تلون بالحُمرة أو الصفْرة دون أن يتمِر بعد.
89,البنقلة و البناقل,كالفلل والاستراحات,هي كالفلل والاستراحات ،وهي أبنية يتفنون فيها ،وتكون غالبا في مناطق سهباء قريبة من المزارع ،وتكون مفردة غير متلاصقة ومتباعدة.
90,بقل,نبات مثل الجرجير,من البقوليات يأكل غالباَ مع وجبة الغذاء شبيه بالجرجير.
91,البد,بناء حجري بين الجرب والساقية,بناء حجري بين الجرب والساقية ،يتحكمون بواسطته بري الساقية ،حتى إذا امتلأ ردموه ،فيمنع الماء من خروجه من الساقية ،إذا نقص الماء وضعف وتوقف عن الجرب.
92,بركة,حوض مملوء بالماء,حوض مملوء بالماء ،إنما اقل عمقا من ) الجابية ( ،لا يتجاوز عمقه طول الساق تقريباً ،توجد في المساجد أيضاً .
93,البلاليط,معلاق خشبي للقربة,عبارة عن مِعلاق خشبي ،يستخدم لتعليق ) الشول ( قربة الماء .
94,بطال,شخص سيئ بذيء,بمعنى سيئ أو بذئ ،ويقال على الشخص):هذا إنسان بطّال( ،أي شخص سيء.
95,بازار,السوق,السوق.
96,البردلو,المخمل,المخمل.
97,البابور,موقد الجمر للطبخ,يستخدم لتسخين الأكل ،أو لعمل الشاهي البخاري المعروف ،حيث يوضع فيه الجمر ،وتوجد به فتحه في وسط البابور لزيادة اشتعال الجمر ،وكما يوجد به مقابض على أطراف )نموذج من البابور( البابور ليسهل حمله ونق
98,بنيه,البنت الفتاة,بتشديد الياء ،يعني البنت أو الفتاه.
99,بقعه,قطعة أرض,قطعة الأرض .
100,البوين,باب ضخم بين الأدوار,باب كبير ضخم ثقيل ،يفصل بين دورين ،فلو أن لصاً دخل البيت حجز ه ذلك الباب عن الدور التالي أو أبطأه من الهرب إلى الأسفل إن كان قد دلف من الأعلى.
101,بزغ,أقراط من الحلي,الأقراط من الحلي.
102,البيل,فاتورة الماء أو الكهرباء,فاتورة الماء او الكهرباء
103,بدعيدع,طائر له كيس في الحلق,طائر له كيس في الحلق ،منقاره طويل ولونه بني مع البياض.
104,بعد,أبعد,بمعنى أبعد ،والمثل القائل ) :بعد الرزق من طريق الرزق(
105,بغى -بغيت -بغاها,أراد,بمعنى أراد ،وبغيت بمعنى أردت ،وبغاها بمعنى أرادها.
106,بيسه,عمله معدنية من معدن الصفر,عمله معدنية من معدن الصفر ،وهي أقل من العانة.
107,بت,ذهب وراح,بمعنى ذهب وراح ،والمثل القائل):جاء كما يوم بت(
108,برع,خارج - برا,أي خارج ،وبرع الدار خارج الدار.
109,تقبع,تضرب في الوجه,تضرب ،وباتقْبع في الناظر أي باتضرب في الوجه.
110,تخلع,تزرع,تزرع ،والمثل القائل):إبن ولاتخلع(.
111,التخ,بقايا السمسم بعد عصر الزيت,بقايا السمسِم بعد إخراج مادته الزيتية ،والمثل القائل):بعير يعصر وبعير يأكل التخ.(
112,تبت,تذهب,تذهب ،وتبتبه يعني تذهبه ،ويقال وين باِتبِت أي يعني أين سوف تذهب.
113,تخب,يستتر ويختبئ,استتر ،ويتخبى يستتر ،متخبي مسستر.
114,تريض,تمهل وتأن,أي تمهل ،والراضه التأني في الأمور ،والمثل القائل):تريض ياجرد لاتعنكِر لك سقاية() ،والراضه من الرحمن( .
115,تحاذر,تستحي,بمعنى تستحي ،والمثل القائل):تحاذر الجمل وتظهر عالجمال(.
116,تركمه,علامة ظاهرة واضحة,علامه ظاهرة.
117,تاديه,تؤلمه وتوجعه,يا باحكم عبرِت باَختِم علي الحنجرة أي تؤلمه ،يقال):ركبته تاديه أو يده تاديه( ،أي تؤلمه وتوجعه.
118,تعين,انظر - تأمل,بتشديد التاء ،بمعنى انظُر والمثل القائل):لو باتحلِب البقْرة تعين في وجهها(.
119,تمام,موافق - كل شيء على ما يرام,أي للموافقة على الشي ،بمعنى )كل شي تمام( أي كل شي على ما يرام ،أو تم الأمر.
120,تان,أتان - أنثى الحمار,وهو التان أنثى الحمار ،أو الأتان ،تنطق بدون الألف)تان(.
121,تغبى,اختفى وتوارى,اختفى ،والمتغبي المختفي. تبا بمعنى تريد ،وهي كلمه كثير ما يستخدمها أهل البادية والمثل القائل):إن تيا الناس عبيدك رطب إيدك(.
122,التبل,التبن - قش القمح,تحل وتتنعم وتفسح في المصايب والذنوب. التبن ،وهو القش الناتج من مخلفات سيقان القمح) البر( المكسرة بعد دوامتها.
123,تياسير,مرحلة تركيب الشبابيك في البناء,مرحلة الوصول في البناء لموقع الشبابيك .
124,تعاشي,تصيح وتوبخ,تصيِح وتوبخ.
125,تاير,إطار السيارة,إطار العجلات في السيارة.
126,تقي,تسوي,بفتح التاء و شد القاف ،بمعنى تسوي ،مثلاً يقال):ليش تقّي كذا أو ليش أقّيت كذا( .
127,تفال,سفرة الطعام التقليدية,بكسر التاء ،بمعنى سفرة الطعام ،وهي السفرة التقليدية للطعام عند أهل حضرموت ،تصنع من سعف النخيل وهي عبارة عند دائرة مستوية الشكل ولها حواجز جانبية . )نموذج من التفال(
128,توله,مثقال - وحدة لوزن الذهب,مقياس وزن معروف ،يستخدم لوزن الذهب والفضة.
129,تصول,تجمع مياه الأمطار في الأرض,يقال تصول الأرض تجمع مياه الأمطار في الأرض.
130,تهاد,يتضاربون,بكسر التاء و فتح الهاء ،بمعنى تضارب ،وهده يعني مضاربه ،والمثل القائل : )يِهِد ويصِيِح( .
131,التبداه,تنفيس وتخفيف النبات لتنمو,عملية التنفيس بين الزراعة لتخفيف تزاحم النبات لأجل نمو النبات سريعاً.
132,تو,حالا - الآن مباشرة,وهي بمعنى حالا ،يقال):توك جِيت( ،ويقول الشاعر:
133,توك,على راحتك,تشهد لنا أقوالنا وأفعالنا** من قال شي في الحب تو يفعل أي على راحتك ،يقول الشاعر: توك رشِن في الخضر ** توك من هنا لما عرف.
134,التريك - الأتريك,فانوس ضغط الهواء والكيروسين,فانوس يعمل على ضغط الهواء والقاز معاً ،حيث يبخ القاز المضغوط في شمعة حريرية تسطع ضوءا. )نموذج من الأتريك(
135,التصريف,تقليم عذوق النخل لزيادة الثمر,وهي حالة إنقاص وقطع عدد من الاخيال قبل استوى الثمر ،بقصد التخفيف وزيادة حجم الثمر و إراحة النخلة.
136,تمر مدحق,عجينة التمر بعد نزع النوى,عجينة التمر بعد نزع النوى ،وقد لاينزع أحياناً حيث يبقى النوى ،وهرسه بالأرجل ،تكون عملية هرسه بواسطة اليد أو الرجل بعد تنظيفها وغسلها ، يتم اختياره من أنواع رديئة من التمر عادة وليس بالضرورة.
137,التجليد,تجليد الدار بالطين وبالرماد,تجليد الدار بالطين وبالرماد.
138,تفله,البصاق,وهي البصاق.
139,التنار :او التنور,يصنع من الطين المحروق الفخار,يصنع من الطين المحروق ) الفخار ( ،ويستخدم لعمل الخبز أو ما يسمى خبز التنار ،وهو خبز تختلف تشكيلاته وأنواعه ،ولأجل إشعال التنار لابد من وجود الحطب ويتم إشعال الحطب وهو بمثابة الشولة في التنانير الحديثة ،شكل التنار أسطواني ويأتي منفصلا او ملتصقا بجدار المطبخ ،وهناك تنانير حديثة والتي تتكون من الصفائح الحديديه والغاز ويسمى بتنار الغاز ،وأيضاً حديثاً أدخل في تنار الطين شولة الغاز حيث عمل لتنار الطين شبكه توزيع الغاز اسفل )نموذج من التنار( التنار الطيني .
140,التكية,المخدة الوسادة,هي المَخدة أو الوسادة .
141,تيحه,دولاب مبني داخل الجدار,وهو كبت أو دولاب يبنى داخل الغرف ،يكون في الجدار في الغرف المترلية لحفظ الأشياء والأدوات الخاصة.
142,التاوه,المقلاة,وهو الوعاء الذي يستعمل لقلي الصيد أو البيض ..الخ . )نموذج من التاوه(
143,تباتيك,أشياء للتزيين والتجميل,تقال موعة من الأشياء تقوم بعملية التزيين والتجميل ،فمثلاً يقال):الغرفة ملانه تباتيك( ،بمعنى إا ملئت بمجموعة من الأشياء جعلت منها شكل مختلف.
144,ثعل,الثعلب,الثعلب.
145,ثمد,سمك التونة,وهو من أفضل الأسماك المحببة عند الحضارم ،والمتاحة عند الجميع لكونه سمك يتلائم مع جميع الطبخات ،ولحمه لذيذ الطعم ،وخاصة كل ما كان لونه يميل إلى الاحمرار ،حيث يعد من أهم الأسماك التي تصدر إلى الخارج وخاصة إلى أوربا وأيضاً هو ما يعمل به معلبات التونة.
146,الثاره,المساحة بين البئر والحوض,المساحة الواقعة بين البئر والحوض .
147,الأجلح,المذنب الذي يظن الناس يتكلمون عنه,وهو المذنب ،والمثل القائل):الأجلح يستعني( ،أي إن المذنب يعتقد إن الناس ينظرون إليه ،وأن ما يدور من كلام بين القوم يعنيه.
148,الجعبه,الإلية أعلى الفخذ,الإلية عند الإنسان ،أعلى الفخذ ،وجمعها جِعاب والمثل القائل):أبرد من جعبة مستقيه( .
149,الجحي,الأرض,الأرض ،والمثل القائل):ما سقط من السماء يلتقيه الجحي(.
150,الجلب,الماشية التجارية المباعة,الماشية التي تباع وتشترى.
151,الجحلة,وعاء فخار للتخزين,ينطق الجيم بالياء كما هي لهجة أهل حضرموت الداخل والساحل في نطق حرف الجيم يا ،وهو يصنع من الطين )الفخار( له استخدامات كثيرة كتخزين الماء أو التمر أو الطحين أو الحبوب ،وعادة ما يكون في الحمام ويكون )نموذج من الجحلة(
152,الجبة,معطف غليظ من الصوف,مفرية غليظة مصنوعة من الفرو أو الصوف
153,الجابية,حوض كبير للوضوء في المساجد,وهي البِركَة ،وتنطق يابيه عبارة عن حوض مربع مملوء بالماء ،عميق نوعا ما على قامة الشخص ،يوجد في المساجد لأغراض الوضوء والاغتسال فيه .
154,الجرمل,فانوس الكيروسين,فانوس القاز العادي . )نموذج من الجرمل(
155,الجليجلة,نبات مخدر,نبات مخدرة ،تنمو بشكل عشوائي دون أن يزرعها أحد ،تصيب الشخص في حاله أكلها بنوع من التخدير والهلوسة.
156,جبل المربش,سلة خوص صغيرة لنقل الطين,سلّة من الخوص يحملها الحمار أو الانسان لنقل الطين ،تكون صغيرة الحجم.
157,جبل المدمن,سلة خوص كبيرة لنقل الروث,سلّة من الخوص يحملها الحمار أو الإنسان لنقل الدمان )روث البهائم( ،تكون كبيرة الحجم.
158,الجهر,تعميق الآبار وتنظيفها,للآبار التغميق والحفر ،وإزالة المخلفات والأوحال منها ،أو حتى يبلغون الماء إذا نضب وقل منها .
159,الجلجل,السمسم,السمسم.
160,جويد,طيب مؤدب يسمع الكلام,طيب ومؤدب ،تطلق لكل للذي يسمع الكلام.
161,حمه,الج حشرة لوا أسود,الجَ حشرة لوا أسود ،كبيرة الحجم نسبياً.
162,الجرب,القطعة الزراعية,القطعة الزراعية الصغيرة الصالحة للزراعة ،فيها النخل والزرع ،ومفردها جربة.
163,الجهوش,قمح أخضر يحمص على الجمر,يعمل في الجمر نصف نجاح ثم يجهش ،وهو قمح يميل إلى اخضرار اللون.
164,لجذفرة,أرض مخددة من السيول,اِ الأرض المخددة من السيول ،أو الأرض البور التي أبطت دون زراعة
165,جفير,غمد السيف أو الجنبية,غمد السيف أو السكين أو الجنبية الحضرمية ،وفي المثل):ما للنصلَه إلا ذا الجَفِير(
166,لجونية,الشوال - كيس الحبوب,اُ هي الشوال ،فنقول مثلا):جونية رز وبر( ،أي شوال رز و شوال بر وهكذا.
167,حط,ضع - حط,أي ضع وحطُّه أي ضعه .
168,لحق,وجد وحصل,بمعنى أوجد أوحصل ،والمثل القائل):إن لحُق غذَاه مالحُق عشاه(.
169,حيسه,إعصار بحري,وهي الإعصار البحري.
170,حتات,فتات ودقيق الشيء,الدقيق من الشي كالأكل وغيره ،فيقال):حتات اللَّخم( ،أي الدقيق الذي ينتج من اللَّخم
171,حمر,خشب جيد النوع,نوع من أنواع الخشب ،وهو نوع جيد.
172,حجل,شرج زراعي خصب,عبارة عن شرج زراعي ،ذات تربة خصبة صالحة للزراعة.
173,حصل,وجد,بتشديد الصاد ،بمعنى وجد.
174,حذل,القوة والصلابة والمتانة,القوة والصلابة.
175,حياك,مرحبا وثناء وترحيب,للثناء والترحيب.
176,الحادق,الرجل المسن الكبير في السن,الرجل في الشيخوخة ،وهو طاعن في السن.
177,حنة,رنين صوتي أو رنة,بفتح الحاء والنون المشددة ،وهو صوت رفيع يصدره المعدن مثل الرنة يقال):السيارة فيها حنه( أي فيها صوت ويقال):أهل فلان عندهم حنانه( ، وهي جمع حنة ،أي يصدر من بيتهم صوت ،إما صوت زواج وفرح أو صوت صياح وصراخ وإزعاج.
178,حفن,راحتا اليدين,راحتين اليد.
179,حرفووف,قطعة صغيرة من قرص الخبز,أجزاء صغيره من قرص الخبز.
180,حد,أحد,تأتي بمعنى أحد هو )الواحد( ،ويسقط الألف تماماً ،ونقوم بالسؤال فنقول
181,الحشك,أشجار جافة توضع في أساس البناء,أشجار جافه توضع بين كل موفر وموفر لحماية البيت من التصدع أو نزول الأرضية نتيجة للحمل الثقيل ،ويسمى ذياذ في بعض المناطق.
182,الحكاء,أول يوم في مراسم العرس,وهو اول ايام العرس ،ويكون عند أهل العروس ،ويسمى قبوض في بعض المناطق .
183,حدرى,الناحية الشرقية من وادي حضرموت,الناحيه الشرقية من وادي حضرموت.
184,الحزام,حزام فضي للمرأة,من الفضة أو الذهب ،تربط المرأة خصرها به.
185,الحوكة,نسيج العناكب - خيوط العنكبوت,أي نسيج العناكب .
186,حمس,زعل وغضب,بكسر الحاء يعني زِعل ،والحَمس يعني الزعل.
187,الحسف,التلف والفساد,التلف ،ويحسف يتلف .
188,حيله,ماء يبقى في حفرة بعد المطر,ماء يبقى في حفره بعد الأمطار لمدة شهر تقريباً أو أزيد ،يستخدم ماء شرب للحيوانات.
189,حرفوف,جزء من قرص الخبز,جزء من قرص الخبز.
190,حصان السكن,نوع من الجراد طويل الأرجل,حشرة من الجراديات ،له سيقان طويلة جدا وقد يكون لوا اخضر يسمى أحياناً بعركَب السكِن.
191,حبوة,جلسة ضم الركبتين للبطن,هي طريقة يجلس ا الرجل بضم رجليه إلى بطنه وربطهما ببعضهما ،أو مع الظهر ،عرفها العرب قديماً وكره الدين الجلوس ا يوم الجمعة والإمام يخطب حيث يستعمل للحبوة عمامة أو شال أو غيرة.
192,الحنذول,خنفساء خضراء يتبركون بها,حشرة من نوع الخنافس ،لوا أخضر ،يتباركون ا ،تكثر بعد موسم المطر
193,حب حب,البطيخ,البطيخ ،ومن أشهرها حبحب ميفع حجر.
194,حطيط,نحيف الجسم,نحيف ،والرجل الحَطِيطْ هو الرجل النحيف.
195,الحجل,خلخال فضي خفيف,من الخلاخل الفضية ذات الوزن الخفيف ،وملتصق في هذه الخلاخل حبات القناقن التي تحدث صوت مميز عن الحركة.
196,الحمراء,نوع من التمر أحمر اللون,نوع من التمر.
197,الحاشدي,نوع من التمر الجيد,نوع من التمر.
198,الحجوة,دهليز مدخل البيت الشامي,بكسر الحاء وفتح الواو ،وهي مدخل البيوت الشامية ،وتفصل بين الباب الخارجي )الرئيسي( التي تسمى )بالسدة( والباب الداخلي وكأا ملجأ تستتر فيه المرأة قبل ولوجها للمترل مسفرة وجهها لمن يشرف عليها من النساء ليعرف من هي الضيفة فيسمح لها بدخول الدار ،ومن فوائدها غير التهوية دخول النساء إليها وهن غير راغبات في الصعود فيتحدثن مع أهل الدار تحت الأمر الذي جئن لأجله بصوت كاف دون أن يسمعه من خارج البيت ،ويستخدم كمهرب آمن من الحريق في حالة الطوارئ ،ذا تكون بأركاا أوتاداً كالسلم يمكن استخدامها للفرار إلى طوابق أسفل دون اللجو للقفز والهلاك ،وهي مكان جيد للتهوية لاينشق المرء فيه من دخان ،وقد لا تنكشف عورته وعورة أهله أمام الناس ويم
199,الحوض,الحوض بجانب البئر,الحوض الواقع بجانب البئر .
200,الحومر,التمر الهندي,التمر الهندي.
201,الحظار,تحويطة النخلة أو المزرعة,تحويطة النخلة ،أو ما سواها من المزروعات ،أو ما يتم جنيه ،ويكون بعمل سور من سعف النخيل حظرا له من امتداد الأيدي إليه.
202,الحراوه,الذهاب لأخذ العروسة,الذهاب إلى أهل العروسة لأخذها ،والغذاء مع أهل العروسة
203,الحالول,بذرة حبة النبق,بذرة في حبة النبق )الدوم( أو نواة النبق.
204,الحروي,المشارك في زفة العريس,المشارك بالذهاب مع المعرس لإحضار عروسته.
205,الحزر,وحدة قياس منسوب الماء في الساقية,وحدة لقياس وصول ماء السيل في الساقية ،في ربع الساقية أو نصفها أو ملاها.
206,الحدج,المر - الحنظل,المر ) الحنضل ( .
207,الحجير,الزغاريد,الزغاريد أو الصليق.
208,حاجة فنانة,حاجة حلوة,حاجة حلوة.
209,الحبر,نضوج الغاسي الأخضر وتساقطه,وهو نضوج الغاسي الأخضر ،واستحالته إلى ما يشبه التمر فيتساقط تلقائيا ، وهو ما تنفيه النخلة عنها فلا يستمر إلى المراحل التالية ،لذا يقطف أو يتم التقاطه و أكله.
210,الحوات,الدود,الدود.
211,الحيوان,الأطفال الصغار,الأطفال الصغار.
212,الحقب,خيط يربط حول البطن عند السرة,خيط حول البطن ،موضع السرة .
213,الحتي,مسحوق النبق المجفف,مسحوق الدوم )النبق( المطحون افف .
214,الحتيكة,مسحوق نباتي بديل الصابون,مسحوق نباتي يستخدم للغسل وخاصة للنساء مثله مثل الصابون ،وكان بديل الصابون قبل ظهورة.
215,الحرو,جريان السيل في الساقية,وهو جريان السيل في الوادي أو الساقية ،ويزيد وينقص إذا كسرت بعض السواقي أو إذا لم يكن بالوادي بِد.
216,الحبوس,تميمة جلدية للوليد,يوضع في أعلى الساعد للطفل الوليد من جلد الغنم ،ويعلق به من العين قال
217,حناق,سريع الزعل والغضب,يلعب بنا زقر سقله * ماخلس حتى الحبوس بفتح الحاء و تشديد النون ،تطلق للشخص سريع الزعل.
218,الحصن,الحصن - بناء شامخ محصن,الجمع حصون ،وهو بناء عالي كبير ذات التحصين الجيد ،وبداخله كل المصالح من بئر ومصلى ومستودعات تخزين لأطول فترى ممكنة.
219,الحشف,التمر اليابس الرديء,التمر اليابس أو افف والمثل القائل) :الحَشف مايلتقين(.
220,الحبل,صف حجارة في أساس البيت,وهو من الحجر بارتفاع نصف متر تقريبا ،يكون من ضمن أساس البيت ويبنى عدة حبال للساس من الحجر حماية لأسفل البيت من المياه والأمطار ومن ثم يبنى فوقه بالمدر.
221,الحره,فتحة بناء لتوجيه الماء للساقية,وهو مدخل يبنى من الحجر والنورة ،للتحكم بإدخال الماء إلى الجرب.
222,الحنا,ليلة الحناء - ليلة العرس,ليلة العرس.
223,حيدر عباد,شال هندي قطني,شال هندي من القطن.
224,الحقه,وعاء للحنظل والمكسرات,تستخدم لحفظ الحنضل والمكسرات.
225,الحوش,حظيرة مسورة للبهائم,قطعة الأرض المسورة لحفظ البهائم.
226,الحسحس,نوع من الصخور يستخدم في البناء,هو نوع من أنواع الصخور أو البطحاء ،له بعض الاستخدامات كمادة من مواد البناء ،ويستعمل في النار لإنجاح الدجر)،والدجر نوع من أنواع الحبوب(.
227,الحنيشة,حزام فضي طويل للبدوية,حزام من الفضة ،طويل وملتوي ،تربطه المراة البدوية على خصرها.
228,الحشيش,أعشاب برية تنبت تلقائيا,الأعشاب تنمو دون أن يزرعها أحد.
229,حمة السيل,ذروة السيل وأشد قوته,شدته و أعلى نقطة يبلغها .
230,حطت الدار,تماسكت الدار بعد مرور الزمن,أي مر على بنياا فترة وأمنت الصدوع.
231,الخشم,الركن أو زاوية الدار,الركن أو زاوية الدار.
232,الحيدوان,إناء خاص لطبخ العصيد,يستخدم للعصيد ،وهو غالي الثمن .
233,الحنكة,قناة تصريف الماء في الحمام,مجرى الماء أو مكان تصريفه في الطهارة.
234,حيط,بستان صغير ملحق بالبيت,البستان الصغير الملحق بالبيت.
235,الحمه,ماء آسن متعفن تغير لونه ورائحته,بفتح الحاء وكسر الميم ،الماء الآسن المتعفن تغير لونه ورائحته من طول المكث ومن اختلاط الأقذار به .
236,الحرثان,المزارعون,المزارعين
237,الحش,مجمع النفايات خلف البيت,مجمع النفايات البشرية ،ويكون في الجهة الخلفية للدار .
238,الحلتيت,نبات طبي كريه الرائحة للريح,خلاصة نبات يشبه ) الصبر ( ،كريه الرائحة ،يستخدم لعلاج الريح.
239,الحيبور,حافة الشيء أو نتوء بارز,النتوء البارز من الشيء ،أو )حافّة الشئ ( حيبور الريم حافته .
240,الحيق,السهل المنبسط,السهل ،ومنها ينسب اسم قبيلة الحيقي.
241,الحلي,أداة الحرث من الخشب والحديد,أداة من الخشب ،تنتهي بسن حديد لحرث الأرض ،ويعمل شق في الأرض.
242,الحرمل,نبات بري يستخدم علاجا,نبات بري ،يستخدم كعلاج.
243,الحصاة,الحجرة الصغيرة,الحجرة ،والمثل القائل ):ما ينط العود إلا من حصاة(.
244,لخبت,ا وجمعها خبوت,اَ وجمعها خبوت ،وهي الأودية والبراري البعيدة الخالية من البشر.
245,الخمير,خبز يتم عجنه وإبقائه فترة قبل خبزه,خبز يتم عجنه وإبقائه فترة قبل خبزه ،يضاف إليه الخميرة.
246,الخصار,السمك,السمك.
247,خل,اترك,أي اترك ،والمثل القائل):إجن الثمار وخل العود للنار(.
248,خزب,أزيار الماء,وهي أزيار الماء ،والمثل القائل):إبليس ما يكسر خزبه(.
249,الخن,السر,السِر.
250,خمع,غبي أهبل,سذج وأهبل .
251,خرقه,قطعت قماش,قطعت قماش.
252,الخره,بالراء المشددة,بالراء المشددة ،وهي سقالة البناء المعلقة بحبال يتم إنزالها شيئاً فشيئاً ،ومنها خرة الدار.
253,خلوه,جعلوه,بتشديد اللام ،بمعنى جعلوه ،فمعنى خلَّوه يمشي جعلوه يمشي ،والمثل القائل :
254,خليه,ماحد يكلم سعد خلوه *** يعمل على مشتهاه,ماحد يكلم سعد خلّوه *** يعمل على مشتهاه. فارغة.
255,لخلفه,ا نافذة البيت,اَ نافذة البيت. )نموذج من الخلفه(
256,الخطراه,أول زيارة للعريس وزوجته لأهلها,أول زيارة للعريس وزوجته لأهلها.
257,الخرطان,الكلام السفيه البدء التافه,الكلام السفيه البدء التافه.
258,الخراران و الخرارات,المغلق بإحكام بكل تلك المغاليق,في الباب مغاليق راسية علوية وسفلية تسقط أو ترفع إلى مجراها فينغلق الباب ويصعب فتح الباب المُقْلَد ، أي المُغلَق بإحكام بكل تلك المغاليق ،ويلجئون إلى تقليدها في المساء قبل منامهم.
259,خزوق,خيبة المرابش والقصب خيبة صنابيق الخصار,خيبة المرابش والقصب خيبة صنابيق الخصار. الثقب ،والمثل القائل):خزوق وربك يرزق(.
260,الخوص,ورق النخل ،واحدها خوصة,ورق النخل ،واحدها خوصة.
261,خربشه,صوت فيه خشونة,صوت فيه خشونة.
262,خمر,بلل,بتشديد الميم ،أي بمعنى بلل ،وخمّر ثيابك بلّل ثيابك.
263,الخزانه,مستودع صغير ملحق بالغرفة للتخزين,مستودع صغير ملحق بالغرفة للتخزين.
264,خرت الدار,تسربت المياه من السقف,أي تسربت المياه من السقف.
265,الخرق,الثقب,الثقب.
266,الخلب,الطين المغمورة بالماء,الطين المغمورة بالماء.
267,الخره,قطعة من الخشب مربوطة بحبل,قطعة من الخشب مربوطة بحبل ،يجلس عليها البناء أو المنور ،ويتدلّى منها، تقوم مة ) السقالة (.
268,خنم,تغير الطعم والرائحة والتعفن,تغير الطعم والرائحة والتعفن.
269,كساء العروس ليلة دخلتها ،قالوا يغنون,أغنية كساء العروس,مريم ألاّ سقيلة ماعليها كلف يم من بغا الزين يقعد تحت مرعاض مريم مريم الحسن ياخلعة على بير زمزم
270,الخطاف– مخطاف,خطاف حديدي لرفع الزانة,ألا ياحول حولاه حبل به قطعة حديد متشعبة الرؤوس لطلوع الزانة إذا سقطت بالبئر .
271,الخور,مكان تصريف مجاري البيت,مكان تصريف مجاري البيت ،وهي عادة خلف البيت .
272,الخيل,الغصن من العذق يحمل مجموعة واحدة من التمر شمروخ,الغصن من العذق يحمل مجموعة واحدة من التمر شمروخ.
273,الخرش,طين المباني المتهدمة بعدما كانت جزءا من جدرانه,طين المباني المتهدمة بعدما كانت جزءا من جدرانه ،وليس طينا بكرا جديدا ، ويستخدمونه في إعادة صناعة المدر خلطا مع الجديد ،مستفيدين من وجود التبن فيه وقربه ورخصه .
274,الخلع,الغرس,وهو الغرس ،غرس شتلة النخل في مكان مختار ،بعد قلعها من منبتها الأصلي ، وقد يشار إلى مجموعة من النخل كان قد غرسها شخص ما بان خلع فلان.
275,خزوه,عيب,يعني عيب ،خزيتوبنا يعني أخجلتمونا أو أحرجتمونا .
276,الخرارة,عبارة عن مزلاج خشبي لوصد الضيقة,عبارة عن مزلاج خشبي لوصد الضيقة .
277,خب,جرى وركض,أي جرى وركض ،ويخب بضم الخاء يعني يجري.
278,لخرابة,ا الأبنية والحصون المتهالكة والمهدمة,اْ الأبنية والحصون المتهالكة والمهدمة.
279,الخمي,الماء المعكر غير الصافي,الماء المعكر غير الصافي.
280,لخيبعان,ا من طقوس الأفراح,اَ من طقوس الأفراح ،وضرب من ضروب الغناء التي تتغناه في المناسبات النسوة فقط .
281,الخيل,وإنشاء السواقي,بكسر حرف الحاء واليا المشددة ،المشرف الخبير بشؤون تقسيم المياه ،وإنشاء السواقي ،وحل مشاكلها ،وحالة الانقطاب ،ومسؤلية الضمر .
282,خمقه,التمر الذي فسد أو تغير وأصبح غير صالح للأكل,التمر الذي فسد أو تغير وأصبح غير صالح للأكل.
283,خرنثى,الجنس الثالث,وهو الجنس الثالث ،وخاصة هذه التسمية تسمى على الحيوانات ،إذا لم يعرف أعضاءه التناسلية أهو ذكر أو أنثى.
284,لخرفة,وا عند نجاح موسم النخيل,واُ عند نجاح موسم النخيل ،واستخراج التمر وقطع )الخيول ( الشماريخ من النخلة.
285,الخبرة,كيس واسع المسام,كيس واسع المسام ،مصنوع من الخوص ،يغطى به المثمر إذا بدأ التمر ليمنع تساقطه على الأرض.
286,الخنة,الغشوة التي تنسدل على وجه المرأة,الغشوة التي تنسدل على وجه المرأة ،ويسمح للمرأة أن ترى ما حولها دون أن يراها أحد.
287,الخمبقة,الخوض في الماء و الأوحال,الخوض في الماء و الأوحال .
288,الخطفه,طائر الحدأة,طائر الحدأة.
289,خجع,هبال أحمق,بمعنى هباله.
290,ختمه,المصحف الكريم,المصحف الكريم. )نموذج من الختمه(
291,لخطمة,ا البرقع,اُِ البرقع .
292,لخطباه,ا الخطوبه,اِ الخطوبه.
293,خلص,منفذ توصيل الماء بين البركتين,منفذ توصيل الماء بين البركتين.
294,الخطره,تول زيارة للعروس لبيت أهلها بعد الزواج,هي تول زيارة للعروس لبيت أهلها بعد الزواج٠
295,خفرج,أكبر من العول,أكبر من العول ،شكله مثل الصقر.
296,الدن,وعاء يستخدم للشرب,وعاء يستخدم للشرب .
297,الداشر,الفاسد والفاسق,الفاسد والفاسق.
298,الدسمال,نوع من القماش يصنع في الهند,نوع من القماش يصنع في الهند.
299,الدهموره,المرأة الطويلة والعريضة,المرأة الطويلة والعريضة.
300,الدفن,نوع من الأفاعي شديدة السموم,نوع من الأفاعي شديدة السموم.
301,الديم,الجلد واحدة أو جمع,وهو الجلد واحدة أو جمع. دوِيِلْ. قديم.
302,الدكة,وجمعها الدكك,وجمعها الدكك ،أي الدرج عند باب البيت من الخارج يقال ):بانجلس على الدكّه(.
303,الدهله,التعود,التعود ،والمثل القائل) :الدهله عسره(.
304,الدار,يقال دار آل فلان,يقال دار آل فلان ،وهو البيت إذا تعدى البناء الدور الأول.
305,الدخلة,الاحتفال وزف العروسة إلى مترل زوجها ليدخل ا,الاحتفال وزف العروسة إلى مترل زوجها ليدخل ا .
306,الدوبي,من يقوم بغسل الثياب,من يقوم بغسل الثياب.
307,الديد,الضرع,الضرع ،والمثل القائل):ديدها كما قروا(.
308,دوب,دائما,دائماً.
309,دويره,الياء مكسور والراء ينطق بالتخفيف,الياء مكسور والراء ينطق بالتخفيف ،وهي تصغير للدار.
310,والدرع,مكان مسور,مكان مسور ،نصف مسقوف ،يستخدم للأغنام وكمستودعات لبضائع رخيصة الثمن لا يطمع فيها اللصوص .
311,الديرة,عبارة عن حفرة صغيرة,عبارة عن حفرة صغيرة ،تأتي بمثابة محور ارتكاز للأبواب .
312,الدخش,وصف يقال للمكان الضيق,وصف يقال للمكان الضيق .
313,الدقسه,الدقه,الدقَّه
314,الدرع,ثوب المرأة من القطن الملون وشفاف,ثوب المرأة من القطن الملون وشفاف ،ويكون بسيط الخياطة.
315,الدقاقه,المنحاز,المنحاز. )نموذج من الدقاقة(
316,الدكم,الركن أو زاوية الدار,الركن أو زاوية الدار ،وممكن تطلق على اللكمة.
317,الدرجه -الدراج,نوع من أنواع الرقص,نوع من أنواع الرقص ،يشبه رقص الهبيش.
318,الدلو,وعاء من الجلد أو من الربل,وهو وعاء من الجلد أو من الربل ،لاستخراج الماء من البئر بقصد الشرب.
319,الدور,سور البلدة,سور البلدة ،فكأنه دائرة يحميها .
320,الدندنة,التحضير بالغناء مع تنوع نغمات الدندنة,هو التحضير بالغناء مع تنوع نغمات الدندنة ،يبدأ المدندِن في رفع وتيرة صوته تدريجيا كلما أستحسن صوته ،ويضع كفيه خلف أذنيه لترجيع صدى الصوت.
321,الدب,السمين,السمين.
322,الدميمة الهننه,طائر البوم,طائر البوم.
323,الدان الحضرمي,نغمات موسيقية وإيقاعات فنية مطربة تطرب ا,هو نغمات موسيقية وإيقاعات فنية مطربة تطرب الروح وتبعث على الشجن ، وهو اكثر انتشارا في حضرموت ،لأنه يعبر بصدق عن إحساس الناس وأمانيهم وتطلعام وهمومهم وآلامهم وشعورهم العاطفي ،وتنطلق مع توقيعات الحانة وتقاسيمها الغنائية المنسابة الكلمات الرقيقة العذبة والمعبرة ،فالدان نغم ولحن له صفة قديمة لدى كل فئات طبقات اتمع الحضرمي ،وهو نوع من الشعر المغنى بألفاظ وأوزان غير مقيدة بما يقوله النحاة ،ولقد سموه في الأندلس بالموشحات وسماه الحضارم الدان.
324,الدلدال,وسيلة تبادل الأشياء بين الجيران,وسيلة تواصل بين البيوت المتقاربة ،وهو عبارة عن بالدي ) دلو ( مربوط بحبل يتم تجاذبه بين البيوت لأغراض تبادل الأشياء بين الجيران .
325,ال دجر,نوع من أنواع الحبوب من فصيلة والفاصولياء,نوع من أنواع الحبوب من فصيلة والفاصولياء. الدفُوف. وهي الدفوف المعروفة ،تضرب في مناسبة إحياء المولد النبوي الشريف.
326,دفرها,أزاحها,أي أزاحها ،ودفَر السترة أي أزاح السترة عن مكاا ،والمثل القائل ):لا دفَرك لي قفاك عليك لي قدامك ( يعني إذا دفعك.
327,د حفها,أزاحها أو ازالها من مكاا,أي أزاحها أو ازالها من مكاا ،ويقال):دِحف( أي تنحى جانباً قليلاً عندما يراد من التوسعة لأجل الجلوس بجانبه ،وهذه الكلمة تقال عندما تكون الإزاحة قليلة.
328,الدوم,النبق ثمرة شجرة العلب,النبق )ثمرة شجرة العلب( ،والمثل القائل):إذا سلم العلب قل جاء الدوم(.
329,ذلق,الطرف الحاد,بمعنى الطرف الحاد ،وذلق الشريم طرف الشريم الحاد.
330,الذهينة,ليلة العرس,ليلة العرس.
331,الذيل وقدمه,فستان مسبل جدا,فستان مسبل جدا ،تلبسه المرأة وتجر زوائده بما يساوي ذراع في الأرض ،وهو ساتر جدا ،كما انه يخفي اثر المرأة خلفها.
332,الذراع,وحدات للقياس,وحدات للقياس.
333,الذباب الاسوداني,حشرة طائرة كبيرة,حشرة طائرة كبيرة ،قرصتها مؤلمة .
334,الذبر والذبرة,الدبابير عدوة النحل,هي الدبابير عدوة النحل.
335,الذري,الحبوب أو البذور,الحبوب أو البذور.
336,الذالح,جريان المراعيض والطرق والشعاب بالماء,جريان المراعيض والطرق والشعاب بالماء .
337,الذيب,الذئب,بمعنى الذئب.
338,حين - ذحين,ذل,ذَلِْ
339,يعني الآن ،قال الشاعر,ذلا ذحين,ذلا ذحين ..قالوا لي انك زين
340,ذراع,ذلا ذحين * حطوا عليك العين,ذلا ذحين * حطوا عليك العين ..ذلا ذحين وهو ذراع الإنسان ،و جمعه ) أذرعه ( ،ويساوي حوالي ٣٦سم .
341,ذرة,النملة,النملة.
342,الذباب -الذبان,جمع الذباب,جمع الذباب ،ومفردها ذُبانة.
343,الرشوح,وجع يصيب عادة الجنوب,وجع يصيب عادة الجنوب ،ومواطن مدحقة الأرجل.
344,رقاد,درجة من درجات السلم,وهو الدرج أو السلََّم ومفرده رقدة بمعنى درجة من درجات السلم.
345,الرضيح,نوى التمر بعد تكسيره لجعله غذاء الماشية,بتشديد الراء ،وهو نوى التمر بعد تكسيره لجعله غذاء الماشية.
346,رخله,أنثى الضان الصغيرة,أنثى الضان الصغيرة.
347,الرفقه,قطعة خشب تغرز في الجدار,قطعة خشب تغرز في الجدار ،تؤدي وظيفة تعليق الأغراض ونحوها.
348,الرعه,آلة خشبية لنقل المدر,آلة خشبية مسطَّحة لها أربعة مقابض ،ينقل عليها المدر والطين لغرض البناء.
349,الروك,عملية تجرى لصقل النورة بحكها على فترة طويل,هي عملية تجرى لصقل النورة بحكها على فترة طويلة بقطعة من الحجر الأملس أو نحو ذلك ،لكي تظهر ملساء مثل المعجون المستخدم في الجدران وصقله بمساسة الحديد.
350,الراعة,من الروعة,من الروعة ،والروعة المصيبة ،وهي كلمه مشهورة في حضرموت دائماً ما تكون على ألسن كبار السن حيث دائماً ما يطلوقوا على أولادهم
351,الرادي,العمامة وخاصة يرتدي على الكتفين,العمامة وخاصة يرتدي على الكتفين.
352,ربود,الحاجز المانع لمياه السيول,الحاجز المانع لمياه السيول.
353,رطل,معيار وزن معروف,معيار وزن معروف ،جمعه ) أرطال (.
354,الرش,عملية طلاء البيت بالنورة,هي عملية طلاء البيت بالنورة ،بعد أن تخفف بالماء .
355,رقل,اهتز ورجف,اهتز ورجف.
356,الرواكب,النساء اللاتي يشاركن في زف العروسة لبيتها,النساء اللاتي يشاركن في زف العروسة لبيتها.
357,رداي,كل رداء من القماش يضع على الكتف,كل رداء من القماش يضع على الكتف.
358,ال ر جلة,نبات الحنيطة,نبات الحنيطة.
359,الردم,إغلاق السواقي الصغيرة,إغلاق السواقي الصغيرة ،حيث يستخدم في حالة الكسر ،وتستخدم الجواني )الأكياس( المليئة بالتراب ،قبل أن يتسع الكسر فيتحول إلى مكْسر.
360,الريم,سطح المترل,سطح المترل.
361,الرمال,رداء يلبسونه في المناسبات,رداء يلبسونه في المناسبات ،وخاصة في الرقصة المسمية بالشبواني.
362,الرعض,تصريف وتوزيع مياه السيول,عملية تصريف وتقسيم وحجز مياه السيول في الأراضي الزراعية.
363,الرايه,عملية زراعة الأرض بعد السيول,عملية زراعة الأرض بعد السيول.
364,روبه,اللبن الرايب والمخمر,اللبن الرايب والمخمر ،والمثل القئل):ديد لبن وديد روبه( والديد الضرع.
365,الرشخ,شدة المطر,شدة المطر .
366,الرحمة,كناية على الأمطار,كناية على الأمطار.
367,الرضه,الأرضة,الأرضة ،النمل الأبيض الذي يأكل الأخشاب وورق الكتب ،يقول الشاعر: والرضة لو طرقت في العود بدلناه ** دام عزك ياكنان الراس.العمد على الساس
368,الربط,آخر موقع ربطت فيه مياه السيول,آخر الموقع الذي ربطت فيه مياه السيول.
369,روتي,الخبز الإفرنجي,الخبز الإفرنجي ،أو الصامولي عند الآخرين.
370,راشنة,مضيئة ملتهبة,مضيئة أو ملتهبة .
371,رشبة,الشيشة وهي تصنع محليا,بضم الراء و تسكين الشين ،بمعنى الشيشة وهي تصنع محلياً. )نموذج من الدقاقة(
372,الروش,العطر,العطر .
373,رشاش,دش الماء,دش الماء
374,الشبث,العنكبوت,العنكبوت ،والعناكب واحدها وجمعها سواء .
375,رف,وجمعها رفوف,وجمعها رفوف ،وهي عبارة عن مواقع صغيرة تخصص عادة للاستفادة منها في جدران الغرف من الداخل ،وتشبه في شكلها النوافذ غير إا لم تكن نافذة.
376,الرب,مادة العسل التي تخرج من التمر والتي تجمع وتحفظ,مادة العسل التي تخرج من التمر والتي تجمع وتحفظ.
377,الرزم,حفظ التمر في التنك والإزيار والعلب بعد تنظيفه وغسله,حفظ التمر في التنك والإزيار والعلب بعد تنظيفه وغسله ،لكي يبقى إلى لفترة طويلة إلى أن يحين أكله أو بيعه.
378,الرباح,القرد,القرد ،والمثل القائل):إيش عرف الرباح بأكل التفاح(.
379,الرشاء,الحبل لعملية التراحة من البئر,الحبل لعملية التراحة من البئر ،ولكنها تكون باليد.
380,الزون,الحبل الذي يترح به الماء بالدلو من البير,الحبل الذي يترح به الماء بالدلو من البير.
381,زام,عهد وعصر,أي عهد وعصر ،وأيام زامي أيام عهدي ،والمثل القائل):أيام زامي ما حد قدم قدامي(.
382,زقل,أرم,أي أرمي ،والمثل القائل) :زقل بعيده يأتيك الحوت( ،أي ارمي بسمك صغير يأتيك الكبير.
383,ال زريبه,يكون داخل الحوش الكبير,ملحق بالحوش المخصص للبهائم ،أي يكون داخل الحوش الكبير.
384,الزير,عبارة عن وعاء كبير,وهو عبارة عن وعاء كبير ،مخصص عادة لحفظ وتبريد الماء والتخزين أحياناً.
385,الزافر,جمعه زوافر,جمعه زوافِر ،أضلاع السِده.
386,الزفين,رقصة للنساء,رقصة للنساء ،تكون بشكل بطئ حيث تكون بمصاحبة بين امرأة وامرأة .
387,الزرب,مكان تربى فيه الأغنام أو الدواب,هي مكان تربى فيه الأغنام أو الدواب .
388,الزبر,الأرض الزراعية الخصبة,الأرض الزراعية الخصبة .
389,الزانه,الحبل الذي يستخرج الدلو من البئر,الحبل الذي يستخرج الدلو من البئر ،يختلف بينه وبين )الرشا( ،هي طريقة الترح بواسطة العجلة.
390,ال زوافر,عيدان الباب وسطوره الأفقية,عيدان الباب وسطوره الأفقية ،تدعمه وتقويه ،وواحدها ) زافر (،ويثبت الزافر بمسامير كبيرة جدا مقببة الرأس تزينه ،ويتفننون في نقشها ،وبإحداها تعلق ) القرقعة ( ،إذا كان الباب هو المدخل الرئيس .
391,الزربادي,نوع من الرقصات في حضرموت,نوع من الرقصات في حضرموت.
392,ال زولي,المكان المخصص لقضاء الحاجة في البيت,المكان المخصص لقضاء الحاجة في البيت.
393,زمبيل,الكيس,بمعنى الكيس.
394,ال زقر,يعني الولد أو الفتى,يعني الولد أو الفتى.
395,زنبع العشر,الظاهر إا حشرة من نوع الجراد,الظاهر إا حشرة من نوع الجراد ،ليس لها أجنحة .
396,الزنط,التكبر,التكبر ،وزناط تعني المتكبر .
397,الزقره,البنت أو الفتاه,يعني البنت أو الفتاه.
398,ال زمان,كناية على الجذب,كناية على الجذب ،وشحة المطر.
399,الزوع,صوت هذير السيل من بعيد,صوت هذير السيل من بعيد.
400,الزبه,بكسر الباء,بكسر الباء ،الاهتمام المتزايد للشي كونه جديداً أو الانتشاء و الانتفاخ .يقول
401,الشاعر,أن الحب له زبه عند الناس,الحب له بشه وزبه ** بين المحب والذي يحبه. أي أن الحب له زبه عند الناس ،أي له شهره واهتمام وتعلق بالحب ومن ثم يذبل.
402,سرط,ابتلع,ابتلع.
403,السبتة,الحزام,هي الحزام
404,سرح,ذهب صباحا,)نموذج من السبتة( أي بمعنى ذهب وهو يكون وقت الصباح ،ومسرح بمعنى ذهاب.
405,أم سويد,نوع من أنواع الطيور,نوع من أنواع الطيور ،لايؤكل لحمه.
406,سبر,بدأ,أي بدأ ،وباسبر سوف أبداء.
407,السوم,حزام طيني,وهو حزام طيني ،يصد الماء الذي كسر حدته جسر الصخور )الصك( ،ويدفعه باتجاه الساقية ،وهو من الطين حتى يتمكنوا من هدمه عند الحاجة ،يكون ملتوي لأجل التخفيف من ضغط الماء ،وطينها يتكوم على جانبيها .
408,سبار,ما يقدم للماشية من علف بشكل منتظم ويومي,ما يقدم للماشية من علف بشكل منتظم ويومي ،والمثل القائل ):سبار قضب(.
409,السرامي,جزمات من جلد الغنم مصبوغة بالأحمر,جزمات من جلد الغنم مصبوغة بالأحمر ،تشبه تلك الأحذية الموصوفة في ملابس العرب القدامى.
410,سبق,نظام الأولية,وهي نظام الأولية ،ونظام الطابور في الصفوف.
411,سفيح,وعاء لشرب الماشية,وعاء لشرب الماشية.
412,الساني,امش مستقيم,المستقيم ،يقال):امش ساني(،بمعنى امش مستقيم.
413,الساس,أساس البيت من الحجار أو من المدر أوكلاهما معا,أساس البيت من الحجار أو من المدر أوكلاهما معاً ،وهو يكبس بالطين والحجار ،ويكون ارتفاعه متر إلى متر ونصف ،ونقول):من ساسه إلى رأسه(:للاستغراق، وفي المثل):من لا له ساس ماله راس(.
414,السلح,نموذج من الساس الغائط,)نموذج من الساس( الغائط.
415,السباعية,نسيج محلي مزهلق,نسيج محلي مزهلق ،هو أزار للرجل دون أن يخيطونه دائريا ،مفتوح ويسمى بلهجة أخرى معوز.
416,السده,الباب الكبير المزخرف,الباب الكبير الذي يغلق على المدينة والقصر الكبير والبيت ونحوه ،وغالباً ما يكون مميز ومزخرف. )نموذج من السده(
417,السره,موضع تخزين الأعلاف القصب,بتشديد السين المكسورة ،وهو موضع تخزين الأعلاف ) القصب (.
418,السيب,الماد أو الممر بين الغرف,الماد أو الممر بين الغرف.
419,سدوا,اتفقوا,اتفقوا.
420,الساقيه,قناة أخدودية كثيرة الالتواءات,وهي قناة أخدودية كثيرة الالتواءات ،عملت لري الأراضي ،وكسر حدة السيل واندفاعه.
421,الساف,التمر اليابس الرديء,التمر اليابس الرديء .
422,سفطه,المزاح,المزاح.
423,السبيه,طريقة بناء ووضع المدرة بالطول,هي طريقة بناء ووضع المدرة بالطول ،وغالبا ما تكون في الأدوار العلياء من البناء.
424,السناوة,عملية رفع الماء من الآبار,عملية طلوع الماء من الآبار بواسطة الإنسان أو الحيوان أو كليهما لغرض الزراعة والمثل القائل):إيش عرفك يالحيك بالسناوه( ويقول الشاعر: البعد أنت لاتسبر خليك عاسبرك انت ذكي تسمع وتبصر وانك غبي بصرك الوقت خلا كل باير
425,سليمود,يسني على بيرين,يسني على بيرين. البطَّانيه ،وهو لحاف مصنوع من الصوف ،يستخدم في فصل الشتاء للتدفئة .
426,استوعدوا,حدد موعد العرس,حدد موعد العرس.
427,سارية,عمود دائري من الخشب,وهي عمود دائري من الخشب ،يرفع به السقف يضع في كل غرف الدور الأرضي تبعا لحاجة مساحة الغرفة وتكثر في المساجد . )نموذج من السارية(
428,السبخة,الأرض التي ا نسبة عالية من الملوحة,الأرض التي ا نسبة عالية من الملوحة .
429,الأسبال,مشاهدة نزول الأمطار من بعيد حين,مشاهدة نزول الأمطار من بعيد حين ،فتبدو كخيوط متلاصقة.
430,سروال الهنقس,سروال الكلسون أو سروال اللوكس,هو سروال الكلسون أو سروال اللوكس ،وهو السروال الداخلي القطني الضيق من طقم الفنيلة القطنية.
431,السله,زفة العروسة بالغناء والطبول,زف النساء بالغناء والطبول والزغاريد من بيت أهلها إلى بيت العريس .
432,نوع جيد من التمر ،وفي الأبيات يقال,سريعي,سِريعي ..يامحسن تعاطيله ..عيني عليه
433,الستره,سريعي,سريعي ..بسرح له وبضوي له ..عيني عليه جمعها ستر ،وهي الجدار والمثل القائل) :البياض في الستر(.
434,السنكر,سكر,سكّر.
435,السنكر لحمر,سكر البنجر,سكّر البنجر.
436,حسوح,أرضية منحدرة صلبة,الس أو السحيحة أو السحيليل ،عبارة عن أرضية صلبة على شكل منحدر ،تكون في أماكن جريان الماء ،وممكن تكون في المطبخ.
437,سته,الأستاذة أو المعلمة,الأستاذة أو المعلمة.
438,سقل,الأطفال أو العيال الصغار ،ومفرده سقلة,الأطفال أو العيال الصغار ،ومفرده سقلة.
439,السلب,الجزمات,الجزمات .
440,الساقيه,مجرى الماء,مجرى الماء .
441,سنقوف,منقار,منقار.
442,السرية,ليلة زف العريس لعروسته,ليلة زف العريس لعروسته.
443,سبول,السنابل,السنابل.
444,المسخن,مكون من قاعدتان بينهما فراغ للجمر,وهو مكون من قاعدتان بينهما فراغ للجمر ،و يوضع عليهما القدر الكبير .
445,السقاية,عبارة عن بناء على شكل قبة صغيرة يتم ملأها بالماء,عبارة عن بناء على شكل قبة صغيرة يتم ملأها بالماء ،حيث تكون سبيلا للمارة ،وتبنى كصدقه للمارة.
446,السقيفة والسقائف,أبنية صغيرة كالشاليهات,أبنية صغيرة كالشاليهات ،وغالبا ما تتكون من غرفة واحدة ومطبخ واحد وبقربه حمام ،وحولها وصر ،وتكون على تلال ) الجروب ( التي يشرف عليها ساكن السقيفة ،فيجمعون الغلال في وصرها أو فيها .ويسكنون ا مؤقتا حال مجي السيول ،ليقوموا بمتطلبات الزراعة الموسمية ويمكثون حتى الحصاد .
447,هي البنادق قال الشاعر,البنادق القديمة,سلَب أخوتي دقلات الشحن *** علمانية وتركية تغالى بالثمن
448,السف,بناء محوط بجدار رقيق أو قصير مسقوف,بناء محوط بجدار رقيق أو قصير مسقوف ،يوضع به الحطب أو )الصخر( الفحم.
449,السفيفه,عقد كبير من الفضة يمكن وضعه على الراسو يسم,هو عقد كبير من الفضة يمكن وضعه على الراسو يسمى محمل أو الحلق. )نموذج من السفيفه(
450,السالفه,العاده,العاده. :السِف . يوضع على رأس البير لوقوف التراح عليه، وهو لوح من خشب الحمر
451,الشمه,القبله,بمعنى القُبله ،والمثل القائل) :إن حبيت ولدك شمُّه وهو نيم(.
452,شلوا,حملوا,أي حملوا ،والمثل القائل):أربعة شلوا الجمل والجمل ما شلُّهم(.
453,شمله,الكساء الغليظ,الكساء الغليظ ،والمثل القائل):بوزيد معروف بشمله(.
454,شتار,إعوجاج,إعوجاج.
455,الشباك,الأعواد التي تصنع من الخشب,الأعواد التي تصنع من الخشب ،مربوطة مع بعضها البعض على شكل بساط ، يتم تعليقها على ) الخلاف ( النوافذ لغرض الستر من الكشف.
456,شط,إلتفت,بمعنى إلتفت ،يقال):شطْ قِداه( أي التفت إليه ،والمثل القائل ):لو باتحلب البقْرة شطْ قدا وجهها(.
457,الشمسة,عبارة عن فتحه دائرة الشكل تقع في سطح البيوت,عبارة عن فتحه دائرة الشكل تقع في سطح البيوت ،وهي أيضاً تسمى بالمناور.
458,الشول,وعاء مصنوعة من جلد الماعز,وعاء مصنوعة من جلد الماعز ،تملأ بالماء ) ماء الشرب ( ،وتعلق أمام النافذة لتبرد بسرعة وتحفظه بارداً .
459,الشربيعة,عبارة عن سلم خشبي,عبارة عن سلم خشبي ،يوجد عادة في أركان الريوم )السطوح( ،ويتم الارتقاء عليه لبلوغ.
460,شقب,نحس - مشؤوم,نحس. المَشاريِف. لهج.
461,شنق,أحول العينين,أحول العينين.
462,شيذر,أزار للرجل دون أن يخيطونه دائريا,أزار للرجل دون أن يخيطونه دائريا ،مفتوح والرفق بينه وبين السباعية أو )المعوز( كثرة الزهلقة التي فيه .
463,شبر,المسافة القصوى بين طرفي الإام والخنصر حوالي,وهي المسافة القصوى بين طرفي الإام والخنصر حوالي ٢٤سم.
464,الشيتة,ثوب يميل لونه إلى السواد,ثوب يميل لونه إلى السواد ،ونقشته دقلة ،تلبسه كبيرات السن .
465,شطر,نصف مكيال - وحدة وزن,مقياس وزن معروف يساوي نصف مصرى أو نصف مكيال من الطعام ، والمثل القائل):إذا بينك وبين الفقر شطر طيره(.
466,الشخط,أعواد الثقاب أو الكبريت,أعواد الثقاب أو ) الكبريت ( .
467,الشبرم,أوراق شجرة تعطي الأكل نكهة رائعة,أوراق شجرة تعطي الأكل نكهة رائعة ،تسمى الكزبرة عند البعض .
468,الشرح,نوع من الرقصات الحضرمية,نوع من الرقصات الحضرمية .
469,الشخر,الحطب ذو الشوك الكثيف,الحطب ذو الشوك الكثيف.
470,شوي,قليلا,قليلاً .
471,الشحرة,في الجبل يترل منها السيل,في الجبل يترل منها السيل .
472,الشال,من الصوف ويلبسونه في الشتاء غالبا,من الصوف ويلبسونه في الشتاء غالبا.
473,الشراشر,بطيخ بحجم صغير جدا,بطيخ بحجم صغير جدا .
474,الشلنق,عشرة بمثابة عشرة ريالات الآن,عشرة بمثابة عشرة ريالات الآن ،وهي عبارة عن عشر عانات ،والعانه عملة نحاسية كانت في جنوب اليمن قبل الوحدة.
475,منخاش,عود من الخشب ينخشون به ضروسهم من اللحم,عود من الخشب ينخشون به ضروسهم من اللحم.
476,المشعبة,سلم خشبي,سلم خشبي .
477,الشلحة,تنورة المرأة الداخلية,هي تنورة المرأة الداخلية ،تكون من الأكتاف حتى اسفل الركبة.
478,الشبر,وحدات للقياس,وحدات للقياس
479,شزر,وحدات للقياس,وحدات للقياس.
480,الشوى,بطنه توجعه,البطن ،ويقال):شواه توجعه( أي بطنه توجعه ،والمثل القائل):إذا شبعت غط شواك( أي بطنك.
481,الشميز,القميص للرجل,القميص للرجل.
482,الشمراخ,ما يكون به التمر,وهو ما يكون به التمر ،يكون في الخيل والخيل مقسم إلى شماريخ.
483,شب,أوقد النار,شب النار )جعلها موقده(.
484,شاف,رأى,بمعنى رأى.
485,شعق,الخرق أو التمزيق,الخرق أو التمزيق.
486,الصباطه,معالجة النورة بعد إخراجها,تجرى للنورة بعد استخراجها من الكير ،وذلك لغرض تداخلها وكسبها أكثر نعومة وبياضا .
487,شنه,عبارة عن وعاء حافظ للماء,عبارة عن وعاء حافظ للماء ،ومصنع من جلد الحيوان عندما يكون فارغ. )نموذج من الشنه(
488,الشارح,فلاح النخل المتخصص,فلاح مزارع يهتم بالنخل من تفخيط وإعالة ،وتصريفها وتركيبها وتقنيمها وتقطيعها ،وهذه عمليات الاهتمام بالنخلة وجنيها وحصادها ،كل هذه من مهمات الشارح.
489,الشقى,الأجر,الأجر.
490,الصلول,ألم أو وجع عادة ما يصيب المفاصل والجنوب,ألم أو وجع عادة ما يصيب المفاصل والجنوب.
491,الصميل,العصى الغليظة,العصى الغليظة.
492,الصليق,الزغاريد,الزغاريد.
493,الصنبعة,مزلاج خشبي للأبواب,عبارة عن مزلاج خشبي ،يستخدم لوصد الأبواب ،تغلق ا الأبواب من الداخل.
494,الصبيان,خدم إعداد العرسان,مصطلح يطلق على من هو من طبقة تقوم بوظيفة إعداد وتجهيز العرسان وخدمتهم.
495,صني,ال يستخدم لسد الخلاف والأبواب في فصل الشتاء,ال يستخدم لسد )الخلاف( والأبواب في فصل الشتاء ،للوقاية من البرد والحول دون دخول الهواء البارد ،وعادة ما يكون على شكل بساط مصنوع من )سعف النخيل(.
496,الصفافة,نقل متاع العروسة لبيتها,حمل متاع المرأة من بيت أهلها إلى بيتها الجديد قبل الزواج ،ليتم وضعه وترصيفه.
497,الصني,ما يستخدم لطعم السمكة في سنارة الاصطياد,ما يستخدم لطعم السمكة في سنارة الاصطياد.
498,الصوير,الأطرش,الأطرش .
499,الصمار,إناء قاس مصنوع من الجلد له فم واحد,وهو إناء قاس مصنوع من الجلد له فم واحد ،ويستخدم لحفظ العسل والزيت ،يقال):فلان صمار عسل( ) ،النخر مثل الصمار(.
500,صاع,وزن قياس معروف,وزن قياس معروف.
501,الصقع,الأطرش,الأطرش.
502,الصبحة,صباحية ليلة العرس,صباحية ليلة العرس.
503,الصرابة,حصاده وقطع السبول,المرأة تعمل في صراب البر ،أي حصاده وقطع السبول.
504,صبر البئر,حافة البئر,حافة البئر .
505,الصارون,الفوطة الرجالية أو الإزار,الفوطة الرجالية أو الإزار ،لكنه مخيط دائريا وهي لفظه أصلها أندنوسي )سارون( ونادراً ما تجد صارون يشبه صارون آخر ترسم عليها مربعات مع الألوان.
506,الصديرية,لصغار السن من البنات قبل أن تنهد صدورهن,لصغار السن من البنات قبل أن تنهد صدورهن.
507,الصار- الصاره,ثمار نوع من النخيل,ثمار نوع من النخيل ،هي جوزة قاسية لها قشرة حلوة ولب داخلي ابيض وقاس يؤكل ،يشبه جوز الهند وهو اصغر منه كثيرا ،وسعف نخله مفروش كالكف شبيه جدا بما يسمى نخل واشنطن.
508,الصيم,نوع من أنواع التمر,نوع من أنواع التمر.
509,صكه,غبي لا يفهم,بمعنى أهبل أو لا يفهم.
510,صفاف,الصرصار,الصرصار.
511,صك,حاجز مبني بالصخر المرصوف و النورة والرماد,حاجز مبني بالصخر المرصوف و النورة والرماد ،وهو عبارة عن جسر متدرج من حزام صخري تتخلله ظفائر سميكة من الصخر كالقلاع تزيده قوة ومنعة
512,الصخيريه,أصغر من طائر العول يسهل إمساكه,أصغر من طائر العول يسهل إمساكه.
513,الصمبرة,الحمص,الحمص .
514,صهدود,وجمعها صهاديد,وجمعها صهاديد ،وهي كسور الزجاج.
515,السخر,الفحم,الفحم .
516,الصرك,الشارع المسفلت,الشارع المسفْلت.
517,صفاط,المزح,المزح .
518,صمصوم,طيب ومؤدب تطلق للي يسمع الكلام,طيب ومؤدب تطلق للي يسمع الكلام.
519,الصر,فتحة السرة في الإنسان,فتحة السرة في الإنسان.
520,صه,اسكت أو اسكتوا,اسكت أو اسكتوا .
521,الصيب,الذريه,الذريه.
522,أصابع زينب,تمر خرفته حلوة,تمر خرفته حلوة.
523,الصالي,الأجير في عمل الزراعة,الأجير في عمل الزراعة.
524,الضبره,زاوية الغرفة,زاوية الغرفة.
525,ضويلة,شجرة من شجر البراري تأتي أعوادها رخوة,شجرة من شجر البراري تأتي أعوادها رخوة.
526,الضيقة,الباب الخارجي للبيت أو مدخل الدهليز المؤدي,وهو الباب الخارجي للبيت أو مدخل الدهليز المؤدي إلى الدار ،يقال في المثل):إذا دخلت الضيقة طلعت الرقاد(. )نموذج من الضيقة(
527,الضيفة,وليمة كبيرة,وليمة كبيرة ،تكون عشاء في الغالب بعد العقد والحراوة.
528,ضوى,الرجوع أو الإياب,رجع ،ومضوى بمعنى الرجوع أو الإياب.
529,الضعون والضاعنات,نخبة مختارة من نساء أهل العروسة,نخبة مختارة من نساء أهل العروسة ،يتم استضافتهم في يوم الصبحة .
530,الضدح,من الورقيات من أخوات الملوخية والسبانخ,من الورقيات من أخوات الملوخية والسبانخ.
531,الضحى,وجبة الغذاء,وجبة الغذاء.
532,الضمير,بناء بالحجر الهائل,وهو بناء بالحجر الهائل ،وعادة يكون في الأودية الرئيسية للتحكم بإدخال كميات المياه القادمة من الشعاب.
533,ضيون,أنثى القط,وهي أنثى القط )العري(.
534,الطهارة,الحمام أو الخلاء في اللغة العربية الفصحى,الحمام أو الخلاء في اللغة العربية الفصحى.
535,الطعم,الأكل,بضم الطاء ،ويعني الأكل ،والمثل القائل):ما ينفع الطُعم تحت العقبة(
536,الطفل,بتشديد الطاء وفتح الفاء,بتشديد الطاء وفتح الفاء ،قطعة من الطين تستخدم لأغراض الاستنجاء من النجاستين المخففة والمغلظة ،وهي ناعمة وأحياناً يغطى ا الحب )البر(.
537,طلاب,المتسول أو السائل أو المسكين,أي المتسول أو السائل أو المسكين.
538,الطيرمة,الطابق الأخير في الدار الذي لا يوجد فيها ا,هي الطابق الأخير في الدار الذي لا يوجد فيها الجبو ،وتسمى راس البيت.
539,الطمس,عبارة عن منفذ له باب,عبارة عن منفذ له باب ،يصل بين الريم والمرواح .
540,الط رشه,الزيارة,الزيارة .
541,الطارش,الضيف الزائر,الضيف الزائر.
542,الطس أو الطست,القدر أو وعاء نحاسي يستخدم للطهي,القدر أو وعاء نحاسي يستخدم للطهي .
543,الطش,بدايات سقوط المطر,بدايات سقوط المطر.
544,الطحس,الزلق,الزلق ،ويطْحس بمعنى يترلق ،والمثل القائل ):البعير يطْحس في شِبر(.
545,طست النحاس,وعاء نحاسي يستخدم لطهي العصيد والشربه,وهو وعاء نحاسي يستخدم لطهي العصيد والشربه . )نموذج من طست النحاس(
546,الطرح,تبرعات و مساهمة الأقارب والمعازيم في دعم العريس ماديا,تبرعات و مساهمة الأقارب والمعازيم في دعم العريس ماديا ،حيث يضع كل شخص ما تجود به نفسه في مظروف مغلق ،وأكثر ما يكون في حفلة العرس وما تسمى )بالمخدرة( حيث يخصص أغنية خاصة لعملية الطرح والمثل القائل : ) الحبلْ بالرمح والعرس بالطَّرح(.
547,الطوحي,عمود من الخشب يوضع فوق البئر لوضع العجلة,وهو عمود من الخشب يوضع فوق البئر لوضع العجلة عليه.
548,الطبيله,وعاء للطبخ,وعاء للطبخ .
549,الطاهب,جمعه طهب,جمعه طهب ،السحاب المائل لونه إلى الأبيض وفيه قليل من السواد وفيه إشارات البرق حيث تتراكم السحب والغيوم الكثيفة وتكون كالجبال العالية.
550,طنب,ممتلئ,ممتلئ ،يقال الجرب مطنب والساقية مطنبة أي ممتلئة.
551,الطاقة,رف محفور في أصل الجدار,عبارة عن رف محفور في اصل الجدار على شكل مربع لغرض الزينة أو لوضع الأشياء .
552,الطلع,نبات النخيل قبل التلقيح,وهو نبات النخيل قبل التلقيح ،وبداية ظهور العذق المختوم وحتى بعد انفتاقه وتفتحه ،وهي لفظة فصيحة .
553,الطار,الدف كبيره وصغيره,الدف كبيره وصغيره ،وجمعها ) الطيران ( بكسر الطاء .
554,طقع,كذب,كذ ب ،وفلان طقَّاع تعني فلان كذاب.
555,الطبين,وتطلق على صاحب المال والتجارة,وتطلق على صاحب المال والتجارة ،والذي يعمل لديه الآخرون ،وفي الأصل هو من لديه نخل ويعمل لديه الناس فهو طبينهم.
556,ال ظله,أول زيارة للعروس لبيت أهلها بعد الزواج,هي أول زيارة للعروس لبيت أهلها بعد الزواج٠
557,ال ظفره,بناء بالحجر حول جدران البئر لحمايتها من ال,وهو بناء بالحجر حول جدران البئر لحمايتها من الايار.
558,ظبعة,يقال ظبعة من خبز,يقال ظُبعة من خبز .
559,ظرطه,الظراط,وهو الظراط .
560,العيف,الغير محبب أو الوسخ,وهو الغير محبب أو الوسخ ،ولهجة أهل الغيل والشحر تنطق بالعوف والمثل القائل):العيف عيف حتى يوم العيد(.
561,العكضة,المحصول الثاني من نفس البذور,المحصول الثاني من نفس البذور.
562,عور,بتشديد الواو ،وهي الإصابة بالأذى,بتشديد الواو ،وهي الإصابة بالأذى .
563,عواد,المعايدة,المعايدة
564,العصبي,دكة أو مرتفع واسع خارج البيت,دكَّة أو مرتفع واسع خارج البيت.
565,العجرة,عظم دومة السدر,عظم دومة السدر.
566,عرب,أصلح وجهز,بتشديد الياء ،بمعنى أصلح أو جهز أو أحضر.
567,العشرق,نبات بري,نبات بري ،تحدث ثماره خشخشة وقرقشة إذا هبت الريح ،وهو نوعين )عشرق بافقير( هو الذي له فقره ،و)عشرة بامليسة( وهو الذي لايحتوي على فقره وهو أملس السطح.
568,العفاشه,ما اعتكينا باتقع عمبكيكه,ما اعتكينا باتقع عمبكيكه. الرعونة وعدم التعقل.
569,العداله,ضمانة لحل الخلافات,عبارة عن ضمانة تقدم للحلول في حل الاختلافات ،يقدمها الطرف المطلوب للطالب منه ،وتوضع بيد جهة محايدة حتى يتم حل الإشكالية ،ومن ثم تعود لأصحاا ،وتكون ذات قيمة مجزية والعدالة قديماً كانت بالبندقية والخنجر وحديثاً بالسيارات والساعات وغيرها من الأشياء الحديثة.
570,العماري,الدولاب أو الكبت يثبت ضمن الجدار,الدولاب أو الكبت يثبت ضمن الجدار.
571,العقبه,الراحه,الراحه .
572,عارض,بداية الأمطار الآتية,بداية الأمطار الآتية.
573,عفاشه,عربدة,أي عربدة.
574,العشر,نبات بري,نبات بري ، تحتوي سيقانه وأوراقه على سائل ابيض ،يستخدم في دبغ الجلود ، ويصنع منه العريش لأنه خفيف.
575,العروس,جدار يقام في وسط الحصن يرتكز عليه المبنى,جدار يقام في وسط الحصن يرتكز عليه المبنى.
576,العامل,الذي يساعد في تجهيز ومناولة مواد البناء,الذي يساعد في تجهيز ومناولة مواد البناء ،إما نقل الحجر أو تجهيز النورة حسب مهام كل عامل .
577,العلب,شجرة السدر,شجرة السدر.
578,علوى,الناحية الغربية من وادي حضرموت,الناحية الغربية من وادي حضرموت.
579,العسعش,اسم النخيل الكثيفة التي تنشأ أصلا من ذات نفسها,اسم النخيل الكثيفة التي تنشأ أصلاً من ذات نفسها ،أسفل جذوع النخلة.
580,العمامة,الغترة,الغترة .
581,العيده,سمك صغير,سمك صغير.
582,العكرة,عبارة عن فتحة صغيرة لغرض التهوية والإنارة,عبارة عن فتحة صغيرة لغرض التهوية والإنارة ،تسمح بدخول ضوء الشمس تكون في )الريم(السطح في ركن البيت.
583,العشوة,وتسمى أيضا في المناطق الغربية لحضرموت البيت,وتسمى أيضاً في المناطق الغربية لحضرموت ) البيت ( ،هو الحفل الذي يقام للعروسة في بيت الزوج ،وتظهر بزينتها أمام الناس وتشارك في الزفين.
584,العفاش,من أوصاف السيول,من أوصاف السيول.
585,العجم,نوى التمر,نوى التمر ،يقال أول النخلة عجمة ،والمثل القائل):الترباه تعقيد عجم(.
586,العقد,كتب الكتاب أو عقد القرآن,كتب الكتاب أو عقد القرآن.
587,عجرة أو عيره,بذرة السدر,بذرة السدر.
588,العفر,تجهيز موسم زراعة البر أو الذرة ونحو ذلك,تجهيز موسم زراعة البر أو الذرة ونحو ذلك.
589,العدي,الفلوس أو النقود,الفلوس أو النقود .
590,المثمر,العذق كله,العذق كله ،ويسمى كذلك بعد جفافه ،ويستخدم في كنس الشوارع .
591,عنكر,عرقل,عرقل ،وعنكَره عرقله ،ويعنكِر يعرقل ،يقول الشاعر: وإن جِيت باعنكِر رجيله ما مع لكْشف رجِيل .
592,العرقدي,تمر حلو المذاق وقشرته رقيقة,تمر حلو المذاق وقشرته رقيقة .
593,العلياء,الهبوب أو النسمات العليلة التي ب عقب المطر,الهبوب أو النسمات العليلة التي ب عقب المطر.
594,العوامل,الجمال العاملة في الزراعة,الجِمال التي تقوم بجر المحاريث لزراعة الأرض المروية بالسيل.
595,عروق النخلة,جذورها,جذورها
596,عدة الشاهي,العدة التي تستعمل في عمل شاهي البخاري,وهي العدة التي تستعمل في عمل شاهي البخاري. )نموذج من عدة الشاهي(
597,العانة,عملة نحاسية قليلة القيمة,عملة نحاسية قليلة القيمة ،كانت في جنوب اليمن قبل الوحدة ،من مشتقات القرش )العانة ،الباولة ،البيسة ،الأردي(.
598,العطفة,الشارع الملتوي أو اللفة,الشارع الملتوي أو ) اللفة (.
599,العضاد,وجمعها عضدة,وجمعها عضدة ،بضم العين والضاد ،وهب أسوار من الفضة أومن الحديد ، يضعه الرجل في زنده في أعلى الساعد ،شبيهه بالحجل وأكبر منه وزناً.
600,العلجوم,النوى,وهو النوى.
601,عفندش,نوع من أنواع الطيور,نوع من أنواع الطيور.
602,العري,القط الذكر,القط الذكر ،والأنثى عريه ،والراء مشددة. العشور هو الجمارك ،فكلمة عشرت تعني جمركت.
603,عنفيطه,آله موسيقية تخرج صوت عن طريق النفخ فيها,آله موسيقية تخرج صوت عن طريق النفخ فيها .
604,العتم,قناة الري وسط الزرع,قناة الري وسط الزرع.
605,العيزا,الحداة الخطفة,الحداة )الخطفة( ،ويطلقون الاسم على الصقور وعلى النسور كذلك.
606,العقال,العقال المعروف,هو العقال المعروف ،وكان يلبسه بدو حضرموت ثم انقرض.
607,الع طبي,روب المرأة الغليظ,روب المرأة الغليظ.
608,عاد,الوعيد والتهديد,بمعنى الوعيد والتهديد ،كقول الشاعر: عادنا باادخل الواسط اذا االله قدر**بااعصب اربعميه من قوم عفتر وعفتور
609,العول,يشبه من الحمام,يشبه من الحمام ،كثير الإحساس والوجاس من الناس يطير مسافات طويلة.
610,جله,عجلة خشبية للزانة,الع وهي اداة من الخشب على شكل دائري توضع عليها الزانه المعروفه
611,عادك,لا تزال,بمعنى لا تزال ،كقول الشاعر: عادك إلاّ صغير ياعشدلي عالقنامة
612,العوالة,مصطلح كالمزارعة والمتاجرة,مصطلح كالمزارعة والمتاجرة ،وتعني أن نخلا لشخص لا يرغب في القيام عليه أو لا يستطيع بسبب سفر أو عجز أو غنى ... الخ ،فيقوم آخرون برعاية النخل وحصاده بدون توكيل ،حتى إذا لم يسبق تعيين وكيل محدد لان النخل يثمر كل حول ،ولابد ممن يحفظ هذا المال ،وله نصيبه وترسل حصة المالك .
613,العكر,فتحات تهوية في الدور الأول,فتحات ضيقة للتهوية و الإنارة في الدور الأول من المنازل ،لا يستطيع الآدمي الولوج منها ومفردها عكْرة .
614,عا,على,تستعمل بمعنى على ،مثلاً نقول):مشينا عا كل جبل( دلالة على استمرارية.
615,عاده,لا يزال بعيدا,بمعنى أن الأمر لا زال بعيدا. يقول الشاعر: دار الفلك قال السباعي عاخبثين العمل**وتكبروا ما حاسبين الوقت عاده بايدور ثَاكِيلالع .ما يتدلى من الأغصان
616,غوطل,حالة اختلاط الضباب والسحاب والمطر,حالة اختلاط الضباب والسحاب والمطر.
617,الغدره,الظلام أو الليل الأسود,الظلام أو الليل الأسود.
618,غبش,سار فجرا,بمعنى سار فجراً ،وغُبش أي قُم وسِر فجراً ،وغبشه وهي وقت الفجر قبل طلوع الضوء.
619,الغبه,المسافة البعيدة عن الشاطئ في أعماق البحر,المسافة البعيدة عن الشاطئ في أعماق البحر ،يقول الشاعر: حد في الطرف واقف ومن عدى**يشوف غصه داخل الغبه الغزيرة.
620,الغياض,أودية تكثر فيها المياه والنخيل,مصطلح يطلق على الأودية التي تكثر فيها المياه المتدفقة والمزروعات والأشجار المثمرة والنخيل.
621,الغريسه,القديمة,القديمة.
622,الغلق,أو المرفاع,أو )المرفَاع( ،حبل يستعمل لفتح الباب بالشد عليه من داخل البيت.
623,الغلغلة,عمق الماء والغرق فيه,عمق الماء والغرق فيه.
624,الغلب,جمع أغلاب أو غلوب,جمع أغْلاَب أو غلوب ،وهي غرفة أعلى الحصن في السطح دف التحصين الأخير .
625,الغرة والغرر,تنقيط ماء المطر من السقف,تنقيط ماء المطر من السقف .
626,الغشب,قشاش السيل زبده وغثاؤه,قشاش السيل زبده وغثاؤه.
627,الغيلة,المطبخ,المطبخ ،أو عبارة عن غرفة تكون في بعض البيوت في الضيقة أو عند السطوح ،وهي تستخدم لأغراض التخزين أو للحطب .
628,غذق,لون السحاب الممطر الأسود,لون السحاب الممطر الأسود.
629,الغسة,أوراق النبق الدوم,أوراق النبق )الدوم( ،بعد تجفيفها وطحنها ،تستعمل لغسل الشعر من قبل النساء يقال في المثل ):إنفْشِي وغُسي والتعب منسِي(.
630,الغرب,الدلو الكبير,الدلو الكبير .
631,الغاسي,البلح قبل نضوجه,البلح قبل نضوجه ،ويكون مخضر اللون في بداية نضوجه.
632,فسل,غير صالح وغير كفوء ولا يصلح لشي,بمعنى غير صالح وغير كفوء ولا يصلح لشي.
633,فلت,بمعنى أسرع,بتشديد اللام ،أي بمعنى أسرع.
634,فسو,فساء,أي فساء .
635,يفحق,يزيل قشور الحب,يزيل قشور الحب ،والمثل القائل):إذا شفِت مولى العملْ يفْحق فحق وطير(.
636,فرش,الفراش أو فراش البيت للنوم,وهو الفراش أو فراش البيت للنوم.
637,الفقر,الباب الجانبي في البيت,الباب الجانبي في البيت.
638,الفرخ,باب صغير يكون وسط السدة الكبيرة,باب صغير يكون وسط السدة الكبيرة.
639,الفتة,مصنوعة من البر الذي يخبز بطريقة معينة,وهي مصنوعة من البر الذي يخبز بطريقة معينة ،ثم يدق إلى مسحوق خشن ويضاف له المرق .
640,فاضلة,الغرفة,الغرفة.
641,فراسله,جمعها فراسل,جمعها ) فراسل ( ،يساوي ٢٠رطلاً.
642,الفاقه,الشهية,الشهية. الفُقِش قطعة من الطين تكون مدورة ،تستخدم لأغراض الاستنجاء من النجاستين المخففة والمغلظة ،وهي ناعمة ،وأحياناً يغطى ا الحب )البر(.
643,فتر,جمعها أفتار أو فتور,جمعها )أفتار أو فتور(،وهو المسافة بين طرفي الإام والسبابة حوالي ١٨سم.
644,الفزحمي,تمر احمر كبير شديد الحلاوة,تمر احمر كبير شديد الحلاوة ،ولا يكون منه تمرا جيدا .
645,الفريم,الإطار للصور و للمرايا,الإطار للصور و للمرايا.
646,الفقوز,فصيلة من أنواع الكوسة,فصيلة من أنواع الكوسة .
647,فناجين,الفناجين المصنوعة من الطين,وهي الفناجين المصنوعة من الطين ،والتي يتناول فيها شرب القهوة.
648,الفخسوس,نوع من الحشرات اسود اللون,نوع من الحشرات اسود اللون .
649,الفلينة,الفانيلا لبس رجالي داخلي,الفانيلا ) لبس رجالي داخلي(.
650,القحارة,قحف النخلة,وهي قحف النخلة .
651,الفضح,بدء تحول الغاسي إلى البسر,بدء تحول الغاسي إلى البسر .
652,فزع-فزع,خوف,فزع بفتح الحاء ،بمعنى خوف ،وفزِع بكسر الزاء بمعنى خاف ،ويفزع يخاف.
653,فرقز,وسع أو فتح,وسع أو فتح ،يقولون):فرقَز عيونه يعني فتح عيونه(.
654,فخسسه,التذلل والمسكنة,وهي التذلل والمسكنة ،وهي مشتقة من حشرة الفخسوس.
655,فتله,خيط الغزل,خيط الغزل.
656,فكه,دعه وشأنه,أي دعه وشأنه ،وفُكَّني بمعنى دعني.
657,الفخطه,ما يخرج من فحل النخل للتلقيح,وهو ما يخرج من فحل النخل للتلقيح ،حيث يستخرج طلع الفحل من النخل ،يجفف وتلقح بغباره النخيل المزهرة ،وفخط النخلة لقَّحها .
658,القر,البرودة الشديدة,أي البرودة الشديدة.
659,قتم,غبار,بمعنى غبار.
660,قتب,ما يوضع على ظهر البعير أو الحمير تحت حموله,ما يوضع على ظهر البعير أو الحمير تحت حموله.
661,قاق,لفظه تستخدم عند الاستسلام,لفظه تستخدم عند الاستسلام ،أو تقال قبل الخضوع والاستسلام أو الوصول لدرجة اليأس والإذعان للشي.
662,قبصه,لدغه أو قرصة,لدغه أو قرصة ،والمثل القائل):قبصة في قرن ثور(.
663,قمري,فحل طيور العول,فحل طيور العول.
664,قبه,عبارة عن هيكل وجسم مخروطي الشكل,عبارة عن هيكل وجسم مخروطي الشكل ،يبنى بفن ومهارة حول الأضرحة .
665,قهاول,مكيال حضرمي,مكيال حضرمي.
666,القواره,العناد,العناد.
667,قطبه,قطعة,بمعنى قطعة ،والمثل القائل ):الجبر قِطْبه من الخنثْ(.
668,قدامي,أمامي,أي أمامي.
669,قروح البنادق,أصوات البنادق,أصوات البنادق.
670,القراف,ما يخرج من فحل النخل للتلقيح,وهو ما يخرج من فحل النخل للتلقيح ،حيث يستخرج طلع الفحل من النخل يجفف وتلقح بغباره النخيل المزهرة.
671,القبع,الضرب,الضرب.
672,القزازة,الزجاجة,الزجاجة.
673,القصيرة,الجنبية,الجنبية.
674,قرقعه أو قرقاعة,عبارة عن قطعة معدنية لإعلام صاحب البيت ل,وهي عبارة عن قطعة معدنية لإعلام صاحب البيت لوجود طارق ،وهي بمثابة الجرس في الوقت الحاضر. )نموذج من الجحلة(
675,القامزي,البارود,البارود.
676,قعت,صارت,بضم القاف والعين ،بمعنى صارت .
677,القشار,مجموعة من الأحجار الكبيرة تكون في البحر,مجموعة من الأحجار الكبيرة تكون في البحر.
678,القاسم,جمعها قواسم,جمعها قواسم ،أعمدة السقف الأساسية.
679,القبوع,جمع قبع,جمع قبع ،تبنى متفرقة تأتي من الناحية الجمالية على أسطح المساجد أو البيت أو لحصن وتنتهي مذبذبة.
680,قفا,خلفك,خلف ،وقفاك بمعنى خلفك. قِشاش السيل: . زبده وغثاؤه.
681,القباض,الخطوبة رسميا,الخطوبة رسميا ،حيث يتم مد المهر لأهل العروسة ،وهو المداد في لهجة أخرى.
682,القلبة,الجريد المنبثق من قلب النخلة حديثا,الجريد المنبثق من قلب النخلة حديثا.
683,القس,مفتاح الكهرباء,مفتاح الكهرباء.
684,القس,ما يبس من التمر وقسى,ما يبس من التمر وقسى .
685,القوقرة,تشبه التنورة,تشبه التنورة ،من ملابس المرة الداخلية.
686,القنفان,السحاب المتراكم,السحاب المتراكم.
687,قوووز,الجبل الرملي,الجبل الرملي.
688,قفله,جمعها قفال تساوي,جمعها ) قفال ( تساوي ٢،٣غرام ،تستخدم كوحدة وزن صغرى للبضائع الثمينة.
689,قابله,عكس البارحة غدا مساء,عكس البارحة ) غدا مساء ( .
690,قربه,عبارة عن وعاء حافظ للماء ومصنع من جلد الحيوان,عبارة عن وعاء حافظ للماء ومصنع من جلد الحيوان. )نموذج من القربة(
691,القلت,وجمعها قلوت,وجمعها قلوت ،وهي عبارة عن صهاريج جبلية تحفظ فيها مياه السيول لمدة أطول ،ومنها الكبير والصغير .
692,القميص,الثوب الأبيض الطويل,هو الثوب الأبيض الطويل .
693,القناقن,كرات دائرية من النحاس,وهي كرات دائرية من النحاس ،تعلق في الحجول لكي تعمل صوت عند الحركة
694,قاع,الأرض,الأرض ،والمثل القائل):الحصاه من القاع والدم من ضرسك(.
695,القبيل,مساعد المعلم,مساعد المعلم ،وبعد فترة ومع الخبرة التي حصل عليها يتحول إلى معلم.
696,القرع,بسر بدا يتمر أعلاه,بسر بدا يتمر أعلاه ،أو التمرة نصفها بسراً والآخر تمر.
697,قشعه,طيب ومؤدب,طيب ومؤدب ،تطلق للذي يسمع الكلام وخاصة تطلق على الطفل.
698,القضب,البرسيم,البرسيم.
699,القمبر,يقال للبرواز أو الصورة ما فلان قمبره زين,يقال للبرواز أو الصورة )ما فلان قمبره زين(.
700,القلامه,تشذيب النخل,تشذيب النخل.
701,قنص-قنيص,رحلة صيد الوعول,رحلة صيد الوعول.
702,القامة,معيار ارتفاع الماء,معيار ارتفاع الماء .
703,القرح,السطح الخالي من الجدران,هو السطح الخالي من الجدران.
704,القصب,عيدان الذرة,عيدان الذرة .
705,القرشط,أحذية بلاستيكية زنوبة,أحذية بلاستيكية ) زنوبة (.
706,القدوم,أله الحفر التربة,أله الحفر التربة ،ولكن ذو وجهه حادة ومدلَّقة بشكل أفقي.
707,قربعه,إحداث صوت وضوضاء,إحداث صوت وضوضاء.
708,القرمة,الفانيلا الداخلية للرجال,الفانيلا الداخلية للرجال.
709,والقوام,خشبة الباب الرأسية على اليمين أو الشمال قوامين,خشبة الباب الرأسية على اليمين أو الشمال ) قوامين (.
710,الذبذب,زهور التمر قبل تحولها إلى غاسي,زهور التمر قبل تحولها إلى غاسي ،وتؤكل قبل أن يتغير طعمها إلى المرارة ، ويكون الذبذب هشاً في البداية ثم يبدأ تحول الزهرة إلى ثمرة. القُفَّه. وتصنع من الخوص ،وتستخدم لحفظ الخبز .
711,القدمه,روث الماشية,مقدمة السيل يقال):أو القُدمه بعر( أي روث الماشية.
712,القعاده,السرير,السرير.
713,القلب,لمبة صغيرة جدا وتستخدم في الكشافات,لمبة صغيرة جدا وتستخدم في ) الكشافات (.
714,قطب,ايار في الأسوام لا يستطيعون ردمه حال وجود الماء,ايار في الأسوام لا يستطيعون ردمه حال وجود الماء ،فيقولون :هناك مكسر في الساقية
715,القعار القعرور القعر,نوع من النمل الأسود الكبير,نوع من النمل الأسود الكبير ،له لسعه شديدة الأذى .
716,القاذوف,مايأتي في رأس التمرة,مايأتي في رأس التمرة .
717,قارة,الجبل الصغير,الجبل الصغير.
718,القرقرة,الصوت يخرج من البطن والمثل القائل:بطن الس,وهو الصوت يخرج من البطن والمثل القائل):بطن السارق تقرقِر.(
719,حبه,ق عاهرة,قَ عاهرة .
720,كماش – كماك,مثلك,كماش ،تقال للمرأة بمعنى مثلِك ،وكماك تقال للرجل بمعنى مثْلَك.
721,الكيس,الجيب في القميص الشميز,بكسر الكاف ،الجيب في القميص )الشميز( .
722,الكدم,اللكمة,وهي اللكمة.
723,الكاني,القرمة الفانيلا الداخلية,)القرمة( الفانيلا الداخلية ،ومنها كاني الفنص ،كاني مكرعة ،كاني صوف.
724,الكاوس,الجورب أو الشراب,الجورب أو الشراب.
725,الكبش,قطعة سميكة من الخشب,قطعة سميكة من الخشب ،يقل طولها عن المتر الواحد ،تضع عرضا على السهم ،يميل الحضارمة إلى زخرفتها.
726,الكير,فرن حرق الأحجار الجيرية,الأفران التي تستخدم لحرق الأحجار الجيرية لاستخراج النورة.
727,الكمبار,ويقابلها الدرنش وهو المكان الذي تقضى فيه الحاجة,ويقابلها )الدرنش( وهو المكان الذي تقضى فيه الحاجة.
728,الكنشلي,السنتيانة,وهي السنتيانة.
729,الكواه,ويقابلها المدخنة,ويقابلها )المدخنة( ،في بعض البيوت الحديثة ،وهي فتحه وية تكون أعلى التنار تكون غالباً في المطبخ .
730,كم,يكون اية طرف الشميز,بضم الكاف ،يكون اية طرف الشميز ،ويغطي الزند في اليد والمثل القائل):جوابك في كمك ما هو عند أمك.(
731,كراع,اليد كاملة أو الساعد,اليد كاملة أو الساعد.
732,كز,أشعل النار,أشعل النار.
733,الكمر,الحزام,الحزام ،وهو مهيأ لحفظ المال به .
734,كنك,ما بك أو إيش فيك,بمعنى ما بك أو إيش فيك ،على سبيل المثال):كنك يا علي ساكت(.
735,الكبت,الدولاب,الدولاب.
736,ك زمه,أجزاء صغيره من قرص الخبز الحاف الناشف,أجزاء صغيره من قرص الخبز الحاف الناشف .
737,ك زمة,قلب النخلة الأبيض الإسفنجي الحلو ويؤكل,قلب النخلة الأبيض الإسفنجي الحلو ويؤكل،وهو جذر العرجون )المرعاد( ، ويكون ليناً ويؤكل ،يقال) :أزال الكرب حتى بلغ الكرزام (.
738,كركره,ضحك وجة ،ويكركر يضحك ويبتهج,ضحك وجة ،ويكركِر يضحك ويبتهج.
739,الكوره,نوع من أنواع الرز,نوع من أنواع الرز.
740,كمين,كم وكم,بمعنى كم وكم ،يقول الشاعر: ويروح لما البحر من لهمال ياكمين سيل ما في إلا سهيل قدهم يقولون العرب ما في النجوم الإسهيل
741,الكسرة,حركة معين تكون في رقصة الشرح أو الدراج,حركة معين تكون في رقصة الشرح أو) الدراج ( ،حيث يجثون على ركبة واحدة ثم يضرب الأرض بيده ويقوم ويعاود الرقص مره أخرى .
742,الكراث,الكرات,هو الكرات.
743,الكوت,اسم أديرة صغيرة النوافذ,وهو اسم أديرة صغيرة النوافذ ،يقبع فيها )العسكر( ويتناوبون للحراسة ، توجد على خشوم الجبال و من النواحي التي توقع مجيء الخصم منه تسمى في بعض المناطق )بالمُركز(.
744,كامبه,عمود الكهرباء,عمود الكهرباء.
745,الكعشوش,الشعر الكبير الغير مرتب,هو الشعر الكبير الغير مرتب .
746,الكوبره,امرأة تقوم بوظيفة تجهيز العروس وتزيينها الكوافيره,امرأة تقوم بوظيفة تجهيز العروس وتزيينها ) الكوافيره ( ،يقال في المثل ):إيش تلقي الكوبره بالوجه الشئوم(.
747,كرسوع,الساعد,الساعد .
748,الكواه,كل ما كان تحته لهب ودخان,كل ما كان تحته لهب ودخان ،فالكواه مدخنة يهرب منها دخان التنور ، والكواة حفرة في الجدار يوضع ا ) السراج (كالبافتيل والجرمل )الفانوس(.
749,الكفة,كفة الميزان,كفة الميزان .
750,الكف,آله بناء يسوي ا البناء الأسمنت بين الحجر,آله بناء يسوي ا البناء الأسمنت بين الحجر.
751,الكرى,الأجرة,وهي الأجرة ،ويكري يعني يؤجر ،والكرية الأجيرة ،يقال في المثل ):أم العمل ما هي كما الكرية(.
752,الكلان,العريس,العريس.
753,الكارة,نسيج ابيض رخيص جدا يتزرون به,نسيج ابيض رخيص جدا يتزرون به ،يغطي النصف الأسفل من الجسم.
754,كمبل,السليمود البطانيه,السليمود )البطانيه (.
755,كلين,كل واحد,بمعنى كل واحد ،يقول الشاعر: بعض الميادين فيها رويله***وخيول زينه -كلّين -يعرض بخيله ماهي لحجري ولابن هبيله*** ماتصلح إلاّ لفارس من الفرسان
756,الكعلة,اللمبة الصغيرة,اللمبة الصغيرة.
757,الكعال,الخصي ومفردها كعله,الخصي ومفردها كُعله.
758,كسعه,محفظة النقود النسائية الصغيرة,محفظة النقود النسائية الصغيرة.
759,كور,الرأس,بضم القاف و تسكين الواو بمعنى الرأس ،و تطلق للذي لا يفهم أو إن فهمه بطئ وليس لديه الاستيعاب السريع.
760,الكزابة,جوزة الهند النارجيل,جوزة الهند ) النارجيل ( ،والمثل القائل):بطيخه ولا كزابة(.
761,الكوفيه,الطاقية أو القلنسوة وأفخمها الزنجبارية أو,هي الطاقية أو القلنسوة وأفخمها الزنجبارية أو السواحلية ،حيث تلبس تحت العمامة ليمتص العرق ويقي من حرارة أشعة الشمس. )نموذج من الكوفية (
762,كعويله,مليم عود أو الأعواد من الحلوى,مليم عود أو الأعواد من الحلوى.
763,الكمه,غطاء رأس للأطفال والرجال شتاء,للوليد غطاء للرأس يشبه غطاء رأس الفلاحات الهولنديات الشهير ،وللرجال غطاء صوفي يغطي الرأس والأذنين في الشتاء ،ويخيطونه من بقايا الأقمشة لها بطانة داخلية وقماش ملون ظاهري .
764,الكفاه,خشبة الإطار العلوي للباب,خشبة الإطار العلوي للباب ،وربما نحتوا على الكفأة عبارات تدل على تاريخ البناء أو تاريخ صنع الباب أو آيات قرآنية أو أبيات من الشعر أو كلمات من الحكمة وفي المثل ) قع مردم تقع كفاة (.
765,الكرته,فستان للبنت ضيق من الأعلى متسع جدا من الأسفل,فستان للبنت ضيق من الأعلى متسع جدا من الأسفل ،مع قصر في طوله نوعاً ما بما يغطي الركبتين فقط.
766,الكرع,ماء المطر النقي العذب,ماء المطر النقي العذب.
767,الكليت,إذا كبر وبدا يمشي يلبس الكليت,إذا كبر وبدا يمشي يلبس الكليت ،وهو قميص له أكمام تخيط معه قطعة أخرى تشبه الإزار .
768,الكوتع,صندوق كبير يستخدم لحفظ الملابس والأغراض الش,وهو صندوق كبير يستخدم لحفظ الملابس والأغراض الشخصية ،وحل محله الدولاب أو )الكبت(.
769,كرفان,جمع كريف,جمع كريف ،وهو الماء المتواجد في حفر ،عادة تكون في الأرض ،يستفاد منها الناس والحيوان للشرب الغسل.
770,الكوز,إناء من الفخار يضع محليا لحفظ مياه الشرب,إناء من الفخار يضع محلياً لحفظ مياه الشرب ،يقول الشاعر: ولامقيلي يفي ولابرادي *** مافي جهنم كوز بارد
771,اللصف,نوع من أنواع الشجر الكبيرة,نوع من أنواع الشجر الكبيرة ،وتتكاثر في الأودية.
772,اللدوح,الضرب,الضرب ،والمثل القائل):الرجال بالمدوح البنات باللدوح.(
773,لا حد,لا أحد هو الواحد,بمعنى لا أحد )هو الواحد( ،يسقط الألف وهي للنفي فنقول):ولاحد هنا(. ويقول الشاعر: والخيل لي فيها المدد *** سرحت ولا حد شافها.
774,لهج,الخلفة أو الشباك,الخلفة أو الشباك.
775,لقرح,نموذج من اللهج التيس بدون قرون,)نموذج من اللهج( التيس بدون قرون.
776,اللياسة,تسويته أثناء المحض,أداة مسطحة تستخدم أثناء البناء )لتلييس الجدران( ،أي تسويته أثناء المحض .
777,اللسترك,الكهرباء,هي الكهرباء.
778,لقيت,ليش سويت كذا,بفتح التاء و شد القاف ،معنى سويت مثلاً يقال) :ليش لقيت كذا( ،أي ليش سويت كذا.
779,اللانه,أحد أجزاء الخلفة أو الباب,أحد أجزاء الخلفة أو الباب ،وهي الردفة.
780,لاما,إذا لم,بفتح اللام والميم ،بمعنى إذا لم ،والمثل القائل ):الحجام لاما لحق حاجة حجم لأمه( ،بمعنى إذا لم يلحق أحد يحجمه فإنه يحجم لأمه وإن كانت لا تحتاج إلى الحجامة حتى لا يضيع وقته.
781,لكعة,الضرب واللسع,الضرب واللسع ،وتأتي أحيانا بقصد الجرح المعنوي أو الكلام الجارح لشخص بطريقة غير مباشرة.
782,لاهي,فاضي بدون عمل واهتمام,فاضي بدون عمل واهتمام.
783,الليلون,لمبة النيون الطويلة,لمبة النيون الطويلة.
784,اللاسو,وشاح للمرأة يغطي الرأس والصدر يشبه النقبة,وشاح للمرأة يغطي الرأس والصدر يشبه )النقبة( ،إلا انه زاهي الألوان مزركش بنقوش خاصة تؤطر حوافه ،واخذ اسمه من المصدر الذي ورد منه )افريقيا( .
785,اللاس,قماش ناعم براق غالي الثمن,قماش ناعم براق غالي الثمن.
786,الالفي,كوفية العلماء والأشراف,كوفية يلبسها العلماء والقضاة والأشراف واعيان الناس وكل عريس يوم فرحه وسميت بالألفي لان العمامة ملتفة حولها بأحكام .
787,لغيطي,يطلق على تماوج السيل في وسط المطيرة,يطلق على تماوج السيل في وسط المطيرة.
788,ليش,لماذا,وهي تأتي بمعنى لماذا ،يقول الشاعر: ليش -بعض الناس*** لا شافوا ميولك نحوهم زينه رفعوا عليك الراس *** هل هم من ذهب وإلاّ من طينه
789,اللبان البدوي,اللبان العربي,هو اللبان العربي ،ويستخدم كبخور ،ويستخدم لتدخين المرأة )النفاس(.
790,اللبان الميطي,لبان يستخدم للمضغ فقط,لبان يستخدم للمضغ فقط.
791,لمان,إلى أو إلى أن,وهي تأتي بمعنى إلى أو إلى أن ،يقول الشاعر إذا جاعت تشكّت *** على الأحباب وتكّت
792,اللقذوف,لي جوعت نفسها -لمأن – ركت وهو راس التمر,وهي لي جوعت نفسها -لمّأن – ركّت وهو راس التمرة ،وهو يرمى ولا يؤكل.
793,اللين,مسحوق نباتي يستخدم للغسل والتطهير من الجراثيم,مسحوق نباتي يستخدم للغسل والتطهير من الجراثيم .
794,اللح,القريب جدا المتجذر في نسبه,القريب جداً المتجذِّر في نسبه ،اللصيق ،يقال )اخوي لح( :شقيقي )،جاري لح ( :داره ملتصقة بداري ) ،ابن عمي لح ( :ابن عمي نسبا .
795,لي,تأتي بمعنى الذي,وهي تأتي بمعنى الذي ،يقول الشاعر: لي ماعز نفسه في الهوى*** سيبه عبر فوقه الشاك
796,مسكه,قبضه,قبضه ) ،ومسكَة يد( قبض يد ،ويقال ):امسك (اقبض.
797,مولى,يعني صاحب ومولى العمل صاحب العمل,يعني صاحب ومولى العمل صاحب العمل.
798,مستقيه,المرأة الجالبة للماء على القربة,المرأة الجالبة للماء على القربة ،والمثل القائل):أبرد من جعبة مِستِقْيه(.
799,المعرص,عود خشبي لحمل تنكتين محملة الماء,عود خشبي لحمل تنكتين محملة الماء ،وحمل الأشياء الأخرى.
800,مدركه,شجرة جبلية صغيرة,شجرة جبلية صغيرة ،تتكاثر أثناء مواسم الأمطار.
801,ما حد,لا أحد,بمعنى لا أحد ) ،هو الواحد( يسقط الألف ،وهي للنفي فنقول):ما حد هنا(. يقول الشاعر: ماحد يكلم سعد خلّوه *** يعمل على مشتهاه. أي لا يكلمه أحد.
802,مديه,بيت الدجاج,بيت الدجاج.
803,محزم,مجموعة من أعواد القصب تجمع مع بعض في حزمه واحدة,مجموعة من أعواد القصب تجمع مع بعض في حزمه واحدة.
804,المصنعه,مجموعة من البيوت الحصون,مجموعة من البيوت )الحصون( ،المتراصة مع بعضها البعض ،تكون من أعلى البيوت وفوقها أو فوق هضبة أعلى البيوت ،وتكون خاصة بيوت للشيخ أو مقدم القبيلة والمقربين منه.
805,مصوع,متعب ومشاغب,متعب ومشاغب.
806,مبعد دري,لم يدر,بمعنى لم يدر ،يقول الشاعر: باختصر أقوالي بجملة والذي مبعد دري
807,مثناته,بداخله,أي بداخله.
808,مغضاف,جمعه مغاضيف,جمعه مغاضيف ،وهي أوصال من اللحم والشحم والكرشة تلف بخيط الأمعاء أو خيط غزل ،أكثر ما تشتهر ا حضرموت.
809,ملتلت,منسق ومرتب,منسق ومرتب.
810,المكسر,ايار في الأسوام لا يستطيعون ردمه حال وجود الماء,ايار في الأسوام لا يستطيعون ردمه حال وجود الماء ،ويصطلح لهذا الاسم فيقولون هناك مكسر في الساقية .
811,مشعوق,مشقوق أو مثقوب,مشقوق أو مثقوب.
812,منحاز,أداة طحن وتدقيق المواد,أداة مجوفة عملها تنعيم وتدقيق المواد الصلبة كالبن والزنجبيل.
813,ميدع,شجرة جوز الهند,شجرة جوز الهند.
814,موفر,مقياس الارتفاع,مقياس الارتفاع ،وهو كل عدد من المدر مرصوص في البناء فوق بعضه البعض ،يقدر بين ٥٠و ٧٠سم ،والطابق المترلي الأول في البيوت الطينية يساوي ٩ موافر ،حوالي ٥أمتار.
815,مصخن,الموقد,الموقد.
816,المدروف,اسم آله عازفه شبيهه بآلة المزمار,اسم آله عازفه شبيهه بآلة المزمار.
817,المفيش,من يقوم بإعداد الطين ويئته للزراعة,من يقوم بإعداد الطين ويئته للزراعة.
818,المعصورة,جمعها معاصير,جمعها معاصير ،الزاوية الدائرية للدرج أو الزاوية الدائرية للحصن ،كحصن سيئون أو آثار حصن ) حديه ( وغيرها من الحصون الدفاعية.
819,متعرض,الذي يتدخل فيما لايعنيه,وهو الذي يتدخل فيما لايعنيه.
820,المعشرة,الصينية أو الإناء,الصينية أو الإناء.
821,المفرية,المشلح والثوب الأبيض,المشلَح والثوب الأبيض.
822,المسبت,حزام من الجلد,حزام من الجلد ،يستخدم كحزام ووضع الرصاص فيه ،يقول الشاعر: طرح يدك على المسبت علن بالحرب يازحفان.
823,مهلل,يقول لا إله إلا االله,يقول لا إله إلا االله.
824,مبهورة,مريضة,مريضة.
825,المداحق,الأحذية,الأحذية.
826,منتره,اسم المكان المنحدر,اسم المكان المنحدر.
827,من,مقياس وزن جمعه أمنان و وأمنيه,مقياس وزن جمعه ) أمنان و وأمنيه (،يساوي ٢٨رطلاً.
828,مباصر,نظارات,نظارات
829,مريكوز,نوع من أنواع الرقص محبب لدى البادية,نوع من أنواع الرقص محبب لدى البادية .
830,حقب,عبارة عن وعاء حافظ ومجوف يوضع فيه حبوب البن,عبارة عن وعاء حافظ ومجوف يوضع فيه حبوب البن.
831,مخيله,بداية نزول الأمطار,بداية الأنواء وظهور إشارات المطر والمخاييلة هي الغيوث والأمطار.
832,المردم,خشبة الإطار العلوي للباب,خشبة الإطار العلوي للباب .
833,معزر,تقال كنوع من الإساءة والتهكم والشتم,تقال كنوع من الإساءة والتهكم والشتم.
834,المخرم,أداة تحتوي على عدة سنن من الحديد,أداة تحتوي على عدة سنن من الحديد ،تشق التربة لتفكيكها وويتها.
835,مشقاص,اسم يطلق على كل مناطق الجهة الشرقية,اسم يطلق على كل مناطق الجهة الشرقية.
836,مضبي,اللحم المشوي على الحجر,اللحم المشوي على الحجر ،يسمى لحم مضبي .
837,مرزوم,يقال على التمر مرزوم,يقال على التمر مرزوم ،هو التمر الذي يكون على شكل عجينه.
838,المجر,حبل يستخدم لفتح الباب من الخارج,حبل يستخدم لفتح الباب من الخارج ،يكون في فتحة توجد عند سدة البيت . )نموذجين من ار(
839,مغطل,الطين المغمور بالماء,وهو الطين المغمور بالماء ،عندما يأخذونه ويغطلون به على قطب القطعة.
840,مدفن,آداه تدفن الذرة في الطين في القطعة الزراعية,آداه تدفن الذرة في الطين في القطعة الزراعية.
841,مزاز,مدخن,مدخن . مفحطْ -فَحِيطْ نوع من أنواع السمسم أو )الجلجل(.
842,مطراق,شارع أو درب,شارع أو درب ،غالبا تطلق على الشارع الضيق أو الصغير.
843,مجعوث,الشي الغير مرتب والغير منسق,الشي الغير مرتب والغير منسق.
844,المخدور,المثقوب,المثقوب.
845,المرعاد,العرجون اللين المرن,العرجون اللين المرن .
846,الميراف,من انواع التمر الجيد,وهو من انواع التمر الجيد ،والتمرة منه كبيرة محمرة.
847,المطاليب,المدعوون,المدعوون.
848,المسيال,مجرى السيل,مجرى السيل ،والمثل القائل) :بعير إنكسر في المسيال(.
849,موتر,سيارة,سيارة.
850,المزحاة,من أدوات المزارعين,من أدوات المزارعين ،يزيحون ا الطين إلى حواف قناة الري ،ويستخدموا في شؤون الزراعة الأخرى.
851,المنكي,بناء بالحجر,وهو بناء بالحجر ،يبنى على بعض الجروب أو القطع بغرض إنقاص كمية الماء ، ويكون مصرف على ساقيه أو وادي فرعي لأجل عدم فيضان الماء من الساقية ، حيث يترل ويصرف في حفره أو في النخل.
852,مسواك,الاراك,الاراك ،شجر كبير ظليل له رائحة مميزة تشم من بعد ،تنمو في بعض بقاع حضرموت .
853,مصرى,مكيال حضرمي = 14 أوقية,مكيال حضرمي جمعها ) مصاري ( يساوي ١٤أوقيه والصاع يساوي ٢ مصاري ،تستخدم وحدة سعة للحبوب والغلال .
854,ماعون,أواني المترل,أواني المترل.
855,مكيال,جمعها مكاييل,جمعها ) مكاييل ( ،في غرب حضرموت يساوي ٨مصاري ،وفي القطن وشبام وسيئون ) شرق حضرموت ( يساوي ١٠ مصاري ،يستخدم وحدة سعة للحبوب والغلال .
856,المد,مقياس للحبوب,مقياس للحبوب ،أيضاً من بر وخلافه ،وتعد ثلاث رباع تساوي مد ،وهو أيضاً أداه غالباً ما يكون مصنوع من الأخشاب.
857,الماهي,أداة خشبية تنتهي بحبل,أداة خشبية تنتهي بحبل ،يتجاذا شخصان لتسوية الأرض الزراعية.
858,الميل,لمبة النيون,لمبة النيون.
859,المدمون,الماء المعكر غير الصافي,الماء المعكر غير الصافي.
860,المقلع,شتلة النخل الصغيرة,شتلة النخل الصغيرة .
861,منشله,المنخل,المنخل.
862,مقطب,قطعة من القماش بطول اذرع تربط كإزار,قطعة من القماش بطول ٤اذرع تربط كإزار ،وكانت تصبغ بالنيل.
863,منسف,تستعمل لنخل وتصفية البر والرز أو الذرة,تستعمل لنخل وتصفية البر والرز أو الذرة. )نموذجين من ار(
864,المطيره,قطعة الأرض الزراعية تساوي ١٨,جمعها مطر بضم الميم والطاء ،قطعة الأرض الزراعية تساوي ١٨،٧إلى ٣٩،٧ مترا مربعا ،وأيضاً من وحدات القياس تقاس ا الأطوال.
865,المديني,تمر أسود صغير,تمر شديد السواد صغير الحجم ويكون لون بلحه احمر يقال في المثل) :إيش لك في المديني يامشنق عيونك(.
866,المرية,عقود من الفضة أو الذهب للمرأة,عقود من الفضة أو الذهب للمرأة.
867,المحول,المنبيء بوصول السيل,المنبيء بوصول السيل.
868,ماني,ما أنا,بفتح الميم ،وتأتى بمعنى ما أنا ،ويستعملون زيادة حرف إن ليستقيم الوزن لهم
869,المقرمة,وشاح خفيف النسج بارد وزاهي الألوان,وشاح خفيف النسج بارد وزاهي الألوان.
870,من وين,من أين,من أين ؟ ) من وين الاخ ( :من أين ؟ ) وينك من زمان ( ؟ أينك ) ،من وين الوين( :منذ عهد بعيد .
871,المكرم,الذي يردد لفظة كريم ياكريم عند مشاهدة البرق,الذي يردد لفظة )كريم ياكريم (عند مشاهدة البرق ،ويسمى البارق.
872,المطي,حامل الخيل,وهو حامل الخيل .
873,حفة,المل مثل الصارون,الملْ مثل الصارون ،تغطي النصف الأسفل من الجسم.
874,المدخنه,المبخرة,وهي المبخرة .
875,مصه,الآسكريم المصنوع بالثلج,وهو الآسكريم المصنوع بالثلج ،وأشهرها بالحومر )التمر الهندي( مصه بالحومر ،يكون لها عود .
876,المسيبلي,الذرة ذات اللون الأخضر,الذرة ذات اللون الأخضر ،ويكون من خبز المسيبلي الأسود ،والحبوب هذه تعطى للطيور لصغرها .
877,المداد,دفع المهر ونحوه,دفع المهر ونحوه.
878,المقشرة,حبوب الذرة بعد قليها بالزيت,حبوب الذرة بعد قليها بالزيت ) ،الفوشار او البوشار ( .
879,المشطه,ثاني يوم العرس,وهو ثاني يوم العرس ،ويكون العقد في نفس اليوم.
880,مسدرة الصغير,مسدرة حديث الولادة,مسدرة حديث الولادة ،عبارة عن ثوب بسيط يغمر بدنه ويخفي عورته ،ولها اكمام.
881,المناشي,السحب الناشية يتوقعون منها مطر,السحب الناشية يتوقعون منها مطر .
882,المزن,المطر الغزيرة,المطر الغزيرة.
883,المخدرة,مسرح من الخشب,مسرح من الخشب ،ينصب ليكون به الحفل الغنائي الساهر ،وهو أول ليلة من ليالي الزواج ،وعادة ما يجلس العريس إلى جوار الفرقة الموسيقية ويجلس بجانبه أهله وأقربائه ويتلقى التهاني والتبريكات من جموع الناس.
884,المصب,يستخدم في الحمام لأغراض الوضوء,يستخدم في الحمام لأغراض الوضوء ،ويسمى أيضاً القرقر.
885,المسدره,قميص يلبسه الرجل,قميص يلبسه الرجل.
886,المكحل,طير أسود,طير أسود.
887,المشخص,من الفضة,من الفضة ،زينة وإكسسوارات للمرأة.
888,المقلفات,التمر الخالي من نواة العلاجيم,التمر الخالي من نواة العلاجيم ،وهن نساء يجتمعن في بيت من يرغب في تجهيز تمره للرزم والتدحيق ويقمن بتنظيفه وفرزه ونزع القواذيف عنه ،وفلق الردي وإخراج النوى منه
889,المنظرة,المرآة,وهي المرآة.
890,مجمر,لحفظ الفحم المشتعل وللتبخير,لحفظ الفحم المشتعل وللتبخير.
891,المقود,أخدود يحفر في الأرض على شكل مدرج لمرور الساني والحيوان,أخدود يحفر في الأرض على شكل مدرج لمرور الساني والحيوان.
892,المسلف,باب صغير يقع في الغالب من خلف البيت,باب صغير يقع في الغالب من خلف البيت ،وهو يعتبر الباب الفرعي للبيت ، يقول المثل):إذا انقلد مسلف وأن انفتحت سِده(.
893,ميز,طاولة,طاوله.
894,المفلق,وشاح من الصوف طويل وغير عريض,هو وشاح من الصوف طويل وغير عريض ،يلف به الرأس أو يسدل على الكتفين.
895,المعداه,جسر من الأسمنت,جسر من الأسمنت ،أعمدته أسطوانية حتى لا تصد الأخشاب والأغصان المحمولة مع السيل ،وحتى لا يرتد الماء فيضغط على الاسوام ،جعلوها لكي تمر فوقها السيارات والناس و كل ممر للناس فوق السواقي هو معبرة
896,المرفاع,حبل يستعمل لفتح الباب بالشد عليه من داخل البيت,حبل يستعمل لفتح الباب بالشد عليه من داخل البيت.
897,المروس,السيل القادم من رؤوس الجبال والوديان,السيل القادم من رؤوس الجبال والوديان ،ويأتي من مكان بعيد فيطول جريانه يومين أو اكثر.
898,المقارب,السيل القادم من الشعاب القريبة,السيل القادم من الشعاب القريبة.
899,الماد,السيب,السيب ،أو الممر بين الغرف.
900,المضلعة,أحجار مرصوصة في مداخل الجروب,مجموعة من الأحجار الكبيرة المتراصة بفن ومهارة في الجرب في مداخل الجروب والسواقي ينظم خروج ودخول الماء ،وتسمى أحياناً في مناطق اخرى بالمناكي.
901,مرواح,غرفة صغيرة أعلى البيت,غرفة صغيرة أعلى البيت
902,المحضرة أو المحضر,الغرفة الكبيرة في الدار,الغرفة الكبيرة وتسمى عند البعض بالقعائد أو المكن وغيرها من التسميات، يقول الشاعر: قُربِت المرحلة وكثر كلام المحاضر )نموذجين من المحضرة(
903,المربشة,سله مصنوعة من سعف النخيل شأا شأن المروض,سلّه مصنوعة من سعف النخيل شأا شأن المروض ،ولكن أكثر خصوصية في نقل الطين أثناء البناء .
904,المعروضة,وضع المدرة بالعرض,وضع المدرة بالعرض ،وغالبا ما تكون في الحصون والدور الأسفل من البيت.
905,المدرة,الجمع مدر,الجمع مدر ،الطوب من اللبن يصنع من خلط الطين مع التبن وتجفيفه تحت الشمس لمدة لا تقل عن عشرة أيام أو حسب درجات حرارة الجو بمساحة ٤٥ ×٣٠سم وبسمك ٨سم تقريبا ،لغرض استعماله للبناء في حضرموت
906,المصناع,دولاب يثبت ضمن الجدار,دولاب يثبت ضمن الجدار.
907,الملس,طريقة من الطرق التي تستعمل فيها النورة داخل البيت,طريقة من الطرق التي تستعمل فيها النورة داخل البيت ،بحيث تغدو قطعة واحدة ناعمة الملمس بواسطة )الروك( .
908,مطوال,غرفة صغيرة بطول الممر الأسفل للبيت,غرفة صغيرة بطول الممر الأسفل للبيت.
909,المخوال,ويقابلها الدرنش وهي المكان الذي تقضى فيه الحاجة,ويقابلها )الدرنش( وهي المكان الذي تقضى فيه الحاجة .
910,ا لمحضه,قام بعملية تلييس البيت بالطين,محظ أي قام بعملية تلييس البيت بالطين.
911,المعلم,المعلم البناء,)نموذجين من المحضة( هو الذي تقع عليه مهمة البناء أو عمل النورة.
912,المخدم,المطبخ,المطبخ.
913,الم زياب,يقوم بمهمة الدش,يقوم بمهمة )الدش( ،يبنى في زاوية الحمام ويملأ بالماء وتترع السدادة من أسفله حين الاستحمام .
914,المقصد,الس الكبير الملحق بالبيت والمخصص للمناسبات والضيوف,الس الكبير الملحق بالبيت والمخصص للمناسبات والضيوف.
915,المشراف,فتحة في جدار الريم,فتحة في جدار ) الريم ( ،تستخدم لأغراض الرؤية ومعرفة من يدق الباب .
916,المقعد,الس الكبير الملحق بالبيت والمخصص للمناسبات والضيوف,الس الكبير الملحق بالبيت والمخصص للمناسبات والضيوف.
917,المعتن,بناء إضافي لتقوية البيت,مبنى إضافي معمد بالخشب لتقوية بعض أجزاء البيت الضعيفة والمهددة بالسقوط
918,المغلول,عبارة عن غرفة خالية من الخلاف النوافذ,عبارة عن غرفة خالية من الخلاف ) النوافذ ( ،شأا شأن المبرد .
919,المطيبخ,الفناء الذي قبل الطهارة,هو الفناء الذي قبل الطهارة .
920,مرهاه,حجر مستطيل الشكل يستخدم لطحن الذرة العالي,هي حجر مستطيل الشكل يستخدم لطحن الذرة العالي ،هي حجر ه حلزونية الشكل قطرها تقريبا من ١٠-٨سم متر وطولها ٣٥سم ،وتستخدم في طحن الذرة ،حيث توضع الذرة على المرهاه ثم يمر عليها العالي ذهابا وأياباً حتى تتم عملية الطحن.
921,الميسمة,غرفة تخزين في الضيقة أو السطح,عبارة عن غرفة تكون في بعض البيوت في الضيقة أو عند السطوح ،وهي تستخدم لأغراض التخزين أو للحطب.
922,المفقر,لفظة تطلق على الأبواب,لفظة تطلق على الأبواب.
923,مفلطح,مدور مثل رغيف الخبز,مدور أو مفطَّس يقال):وجهه مفلْطَح ، (أي مدور مثل رغيف الخبز.
924,المروض,بتسكين الراء وفتح الواو,بتسكين الراء وفتح الواو ،يأتي على شكل ) دلو ( غير انه مصنوع من )السعف( سعف النخيل ،يستخدم لأغراض حمل الأشياء ونقلها مثل التمر والسبول ،له استخداماته في نقل الطين أثناء البناء. )نموذجين من المروض(
925,المركز,اسم أديرة صغيرة النوافذ يقبع فيها العسك,وهو اسم أديرة صغيرة النوافذ يقبع فيها ) العسكر ( ،ويتناوبون للحراسة ،توجد على خشوم الجبال و من النواحي التي توقع مجئ الخصم منه ،وهذه التسمية في الوديان أما في حضرموت الداخل فتسمى بالكوت.
926,ملقن الدان,الملقن في حفلات الدان,وغالبا ما يكون من هو من بين الحضور ،سريع الحفظ وتلقف ما يقوله الشاعر وتلقينه المغني ،ولا يسمح لأحد بالكلام عند الغناء والشعر ،بل يسود الهدؤ والسكينة والإنصات.
927,النواغير,وجع شديد يصيب أماكن معينة من الظهر والصدر والأرداف,وجع شديد يصيب أماكن معينة من الظهر والصدر والأرداف ،سببه ريح غليظ أو تعب .
928,نصه,نصفه,أي نصفه ،والمثل القائل) :الأخضر ينقص نصه(.
929,نقحه,الضربة ،ونقحة الكور هي ضربة الكور,الضربة ،ونقحة الكور هي ضربة الكور .
930,النوره,مادة بيضاء تستخدم في طلاء المنازل من الداخل,مادة بيضاء تستخدم في طلاء المنازل من الداخل ،تستخرج من حرق الأحجار الجيرية تحت درجات حرارة عالية في ) الكير (.
931,نذقه,الرمي,بمعنى الرمي.
932,نقنقه,نميمه وإلحاح,نميمه وإلحاح ،والمثل القائل) :حبك ونقنق عليك(.
933,نكوس,إنحدار,إنحدار.
934,نوش,أرمي,بكسر الواو وتشديده ،بمعنى أرمي ،ونوش بالفتح بمعنى رمى ،يقول الشاعر : فزعان لا نوش بحذفه اتصيد وإلا ما اتصيد
935,النظف,حبل يستعمل لإبعاد الطيور,حبل يستعمل لإبعاد الطيور.
936,نيرة,فضيحة,فضيحة.
937,الندوه,الطل أو الندى,الطل أو الندى ،وهي عبارة عن قطرات من الماء.
938,النوش,اسم عملية هز وتحريك أغصان العلوب,اسم عملية هز وتحريك أغصان العلوب ،بقصد أخراج مادة الدوم.
939,الناموس,عزة النفس والكبرياء والكرامة,عزة النفس والكبرياء والكرامة .
940,النوخذه,ربان السفينة,ربان السفينة.
941,التنصورة,الهوكه وان كانت تردد عند القبائل بالتفاخر,بمعنى الهوكه وان كانت تردد عند القبائل بالتفاخر بنصر القبيلة حيث توضع الأيدي على رأس العريس من قبل أصدقائة وأهله وأفراد قبيلته والتغني ببعض
942,النفظة,صعقته,والكهرباء نفظته أي صعقته.
943,النقلاه,عزيمة العريسين من قبل أقارم في المناطق ااورة,عزيمة العريسين من قبل أقارم في المناطق ااورة.
944,النقبة,و النقاب ساتر الرأس للمرأة,و النقاب ساتر الرأس للمرأة ،وهي وشاح المرأة القطني الخفيف .وتكون ألوانه متعددة و ) سادة (.
945,حنا,نحن,بمعنى نحن أو إحنا ،وفي لهجة أخرى في الوادي يقلون) :إنحن(.
946,نخره,الأنف أو الخشم,بمعنى الأنف أو الخشم .
947,النوء,السحاب,السحاب ،والمثل القائل):ما معك نوء ترعد فيه(.
948,النشره,الحيوانات,الحيوانات ،وبالأخص منها الإبل والثيران والأبقار والأغنام .
949,النيلة,نبات يخرج منها مادة بيضاء تستعمل في الصباغة بالبياض,نبات يخرج منها مادة بيضاء تستعمل في الصباغة بالبياض.
950,النوب,النحل,النحل.
951,ني,ليس ناضح أو ناجح,ليس ناضح أو ناجح ،ومكن أن تستخدم صفه للإنسان فيقال ):انسان ني(.
952,النزح النزوحه,عملية اطلاع الماء من البئر,وهي عملية اطلاع الماء من البئر.
953,الننه,طائر البومة,طائر البومة. :وششخن .أنف :هنجُو .حجر الاستنجاء :لَهصالن .الجنبية
954,ويش,ماذا,أي ماذا ،يقال):ويش أسوي( ،أي ماذا أفعل.
955,وص,أرسله لقضاء حاجة,أرسله لقضاء حاجة.
956,الوطاء,المكان المعتدل أو المنخفض,المكان المعتدل أو المنخفض ،والمثل القائل):السيل يتبع الوطَاء(.
957,وخر,تنحى وابتعد,بتشديد الخاء ،أي تنحى وابتعد ،يتوخر من يتنح أو يبتعد من أو يجتنب من ويقال ) :وخر شوي ( أي ابتعد قليل ووخرته أي أبعدته .أما في اللهجات
958,الودف,السقف الذي يغطي الغرفة أو الس عند البناء,السقف الذي يغطي الغرفة أو الس عند البناء.
959,وحل,تحير وعجز,بمعنى تحير وعجز ،والوحله الحيرة والورطة والمشكلة.
960,الوضيع,المخزن في البيت,المخزن في البيت ،حيث توضع غلال المترل من أكل ونحوه.
961,واه,ماذا يقربلك,بمعنى ايش أو ماذا مثلاً :واه بغيت أي ماذا بغيت أو ايش بغيت أو كلمة واه يشكيلك أي ماذا يقربلك.
962,الوضر,الحجر الصغير,الحجر الصغير.
963,الوصر,جمع أوصار وآصار,بفتح الواو والصاد وراء ساكنة ،جمع أوصار وآصار ،قد يكون جانب البيت أو بجانب المزرعة وقد يطلق على الغرفة.
964,وراك,ماذا بك,أي ايش فيك أو ماذا بك فمثلاً يقال ):وراك اليوم( أي ماذا بك اليوم .
965,الوقاء,فراش النوم,فراش النوم ،عادة ما يكون مصنوع من القطن ) العطب ( .
966,وغم,الفقوز الصغير,الفقُّوز الصغير.
967,الوضعة,نبات شوكي اشواكه ممتلئة بالماء,نبات شوكي اشواكه ممتلئة بالماء ،تستخدم عصارته لعلاج المغص.
968,ولعاد,لا أو لا فائدة من الأمر أو من كذا,بمعنى لا أو لا فائدة من الأمر أو من كذا ،كقول الشاعر: ولعاد حاجه لكثر المشقَّه والنكد
969,وزرة,مثل الصارون,مثل الصارون ،تغطي النصف الأسفل من الجسم.
970,وعيه,بمعنى,بمعنى ،أدوات المطبخ .
971,وكد,للعزومة,بكسر الواو وكسر الكاف المشددة ) :يوكد للزواج ،للعزومة ،لامر معين ( يرسل دعوة لزواج أو وليمة أو اخبر الآخرين بأمر ما ،أشعرهم ،أكد عليهم الدعوة وثبتها ،وكَّد سيارة تشديد الكاف وفتحه :طلبها على حسابه ، حجزها لنفسه مسبقا ،و مثلها ) وكَّد غنم ( ) ،وكَّد عمال ( .
972,وياه,معه,و إياه :بمعنى معه ،وهي فصيحة .
973,وار,جمعها ورات يساويسم ويساوي أذرع قيدونية,جمعها ) ورات ( يساوي٩٠سم ويساوي ٧أذرع قيدونية .
974,ويشكم,كيف حالكم ،ومفردها ويشك,كيف حالكم ،ومفردها ويشك.
975,ونعم,تقال لثناء والإطراء,تقال لثناء والإطراء.
976,الوثن,ما يوضع فاصلا للحود الزراعية,ما يوضع فاصلاً للحود الزراعية ،والمثل القائل ):خلوه كما الوثن(.
977,وقع,صار,بمعنى صار.
978,ولفه,بكسر اللام,بتشديد اللام :عوده و ألَّفه و دجنه ،و)ولْفوه( ،بتسكين اللام ،اعتادوه )، ولِف على الأمر ( ،بكسر اللام ،نشأ و تربى عليه )،والف على التعب (، متعود عليه ومهيأ له ) ،والف على الطريق ( ألفها وأعتادها و عرف مسالكها من كثرة طرقه لها .
979,الهوش,الهجوم والاقتحام والسطو والسلب,الهجوم والاقتحام والسطو والسلب.
980,الهيج,البعير الفحل,البعير الفحل .
981,الهرش,الثعبان,الثعبان ،والمثل القائل) :الهرش ما ينقبض بذيلة(.
982,ا لهوكه,جمعها الهوك يهوك فلان وهي الصيحة المعروفة,جمعها الهوك ) يهوك فلان ( وهي الصيحة المعروفة ،وهو صوت عالي يحدثه بعض الناس إما في مناسبات الزواج أو مناسبات التزمل في إلقاء القصائد بالزواج ،وهي صرخات فيها تفاخر تبعا لكل قبيلة ،وتكون زامل في رقصة لعبة العدة.
983,الهندراب,المفتاح اليدوي,المفتاح اليدوي.
984,الهبيش,رقصة يصاحبه عزف المزمار محبب لدى أهل الباد,وهي رقصة يصاحبه عزف المزمار محبب لدى أهل البادية.
985,همله,وقت سقوط المطر,وقت سقوط المطر.
986,الهميم,السيل الكبير,السيل الكبير.
987,همباله,أداة خشبية تنتهي أطرافها برقاب الحمير,أداة خشبية تنتهي أطرافها برقاب الحمير ،ويكون وسطها )الحلي( وظيفتها هي حرث الأرض الزراعية.
988,الهش,مطر صغير,مطر صغير.
989,هداه -هندول,سرير الطفل أو المهد,سرير الطفل أو المهد ،والمثل القائل) :ضحك في الهداه(. )نموذجين من الهدأه(
990,هوري,صحن الرز بيضاوي الشكل,هو صحن الرز بيضاوي الشكل ،لكن الدائري نسميه صحن.
991,الهجري,تمر احمر يميل إلى الشقرة,تمر احمر يميل إلى الشقرة ،وبلحه لونه اصفر .
992,الهابطي,نوع من أنواع الرقص,نوع من أنواع الرقص.
993,يشرد,هرب,يهرب ،وشرد بمعنى هرب.
994,يهيض,يعجب,بتشديد الياء ،بمعنى يعجب.
995,يلقم,يأكل,أي يأكل ،ويقال) :يلْقَم الكلام( أي انه لا يفهم الكلام.
996,ينقع,يبلل,يعني يبلل ،يقال ):ينقع رأسه ( يعني يبلل رأسه.
997,يوه,لتلبية النداء عند النساء,لتلبية النداء عند النساء .
998,يرزح,يمشي أو يمشي ويضرب برجليه على الأرض بقوه,بمعنى يمشي أو يمشي ويضرب برجليه على الأرض بقوه ،دللالة على قوه المشي.
999,يحنبك,ينشبك,بتشديد النون مع كسر الحاء ،بمعنى ينشبك.
1000,يع,ليس محبب أو بمعنى أف,بمعنى ليس محبب أو بمعنى أف. يابوي،يابوياه يقال :عن التوجع أو التحسر أو عند القهر ويقال أيضاً):يابوياه( عن التحسر ، ويرفق ا كلمة منه بتشديد النون أو منها أو منك أو منكم.
1001,يئثث,ياسامع النمل لي يدوي بروس القور,ياسامع النمل لي يدوي بروس القور. يعني يؤثث الدار أو البيت والهمزة التي على الواو في اللهجة الحضرمية ،لاتنطبق دائماً .
1002,يساهن,ينتظر ومساهن منتظر والسهن الانتظار,ينتظر ومساهن منتظر والسهن الانتظار.
1003,يبرح,ينشر الغسيل,بتشديد الراء ،ينشر ويبرح الغسيل بمعنى ينشر الغسيل.
1004,يكعدر,يدحرج,يدحرج.
1005,يدمدم,يرعد أو صوت الرعد وصواعق,يرعد أو صوت الرعد وصواعق.
1006,يتفلقح,ينبطح على الأرض ويسقط,ينبطح على الأرض ويسقط.
1007,يهرج,يتحدث والهرج الحديث,يتحدث والهَرِج الحديث.
1008,تنف,يظهر غضب بإصدار صوت من انفه,يظهر غضب بإصدار صوت من انفه )،فلان ينف ( :يتكلم من طرف انفه ، يتحدث بعدوانية ورفض .
1009,يالخام,يقال للشخص كنوع من السب والقذف,يقال للشخص كنوع من السب والقّذف.
1010,يبرق,يلمع لمعانا شديدا,بضم الياء وسكون الباء وضم الراء ،أي يلمع لمعاناً شديداً.
1011,ينسدح,ينبطح في الأرض أو ينبسط أرضا,ينبطح في الأرض أو ينبسط أرضاَ.
1012,يفقش,يمزق أو يعمل خرق أو يفجر,يمزق أو يعمل خرق أو يفجر ،والمثل القائل ):جرذ يفقش جونية(.
1013,يغفل,يقول لإله إلا االله يا غافلين,يقول لإله إلا االله يا غافلين.
1014,يشكيلك,ماذا يقربلك,يسلم ألا ولد ما يخِمي الحوض يسلم أي يقربلك وتأتي دائماً عن طريق سؤال فمثلاً يقال):أيش يشكيلك( أي ماذا يقربلك.
1015,يام,لنداء ألام,لنداء ألام ،يا أمي ،يقال يمه :بذات المعنى ،وهي صرخة المفزوع فاجأه الأمر.
1016,اليكة,لون في ورق اللعب الكوتشينة,بتشديد الكاف ،هي الورقة الأولى من أي لون في ورق اللعب ) الكوتشينة (.
1017,يوم,تأتي بمعنى لأن,وهي تأتي بمعنى لأن ،يقول : شلو الحبيب الزين من شلّه *** شلّه الطمع ياوحلة الوحلة
1018,يطرح,يركض بسرعة,شلّه علي شلّه على أهله*** -يوم -الطمع قتّال بكسر و تخفيف الياء و فتح الطاء و كسر الراء مع التشديد ،بمعنى يركض بسرعة ،يقولون ):الدم يسيل طوارح ( أي يترل بسرعة ،و )السيل طارح( والمثل القائل) :اذا استكبرت أمر طرح مثناته( أي امشي بسرعة وبدون تردد بداخله.
1019,يحول,عند وصول السيل لأجل الناس يسمعونه,عند وصول السيل لأجل الناس يسمعونه ،ولتنبيه الناس لو لم يجد سلاح )بندق( عند قدوم السيل ويقول) :ياحول عموم( ،أو يقول) :حول ياحولاه( ،أو يحول ويذكر اسم الشعب أو الوادي.
1020,يرمح السيل,يشتد جريانه وضغطه,يشتد جريانه وضغطه .
1021,الينضال,الباذنجان,الباذنجان . يبرطُم تتغير تعابير وجهه ،بسبب عدم الرضاء او الزعل.
1022,يتمرقح,يتمشى بزهو دون أن يبالي بغيره,يتمشى بزهو دون أن يبالي بغيره.
1023,ينش,الذباب,لفظة لنهر الحيوانات والطيور وزجرها وإمالتها .يقال):ينِش الذُّبان من وجهه( أي الذباب )،ونشُّوا الاهرار من المطبخ( أي القطط.
1024,ينشغ,اسحبها بالسنارة واستخرجها من البحر,يسحب ،وتستعمل اللفظة في صيد السمك )بالسنارة( ،عدة صيد السمك ، حيث يقال ):نِشغْ السمكة( أي اسحبها بالسنارة واستخرجها من البحر.
1025,يولف,من التوليف,بتشديد اللام ،من التوليف ،يولَّف المكينة يصلحها بتجميع قطع غيار لها من هنا وهناك ،أو بخراطة القطعة البديلة إذا لم يجدها مناسبة .
1026,يولف,اعتاد على شرب القهوة,بفتح اللام ،يعتاد ،يقال) :يولَف في شرب القهوه( ،أي اعتاد على شرب القهوة ،ويقال ) :ولِف الحمام على المكان (،ألفه واستأمن فيه .
1027,يئلف,يخترع الحكايات والأكاذيب و القصص,يخترع الحكايات والأكاذيب و القصص ،يؤلف الكلام من خيالاته.
1028,يوديه,يذهب به يوصله ،ووداه ،ذهب به,يذهب به يوصله ،ووداه ،ذهب به.
1029,يدهل,يعتاد ويئلف,يعتاد ويئلف ،والدهلة ،التعود والألفة على الشيء وتكرارها ،والمثل القائل):الدهلة عِسرة(. الفهرس الموضوع الصفحة الإھداء المقدمة حرف الألف حرف الباء حرف التاء حرف الثاء حرف الجیم حرف الحاء حرف الخاء حرف الدال حرف الذال حرف الراء حرف الزاء حرف السین حرف الشین حرف الصاد حرف الطاء حرف الظاء حرف العین حرف الغین حرف الفاء حرف القاف حرف الكاف حرف اللام حرف النون حرف الواو حرف الھاء حرف الیاء ١٤-٦ ٢٢-٧ ٢٨-٢٣ ٢٩ ٣٢-٣٠ ٤٢-٣٣ ٤٩-٤٣ ٥٤-٥٠ ٥٦-٥٥ ٦١-٥٧ ٦٤-٦٢ ٧٢-٦٥ ٧٧-٧٣ ٨٤-٧٨ ٨٧-٨٥ ٨٨ ٩٦-٨٩ ٩٨-٩٧ ١٠١-٩٩ ١٠٨-١٠٢ ١١٥-١٠٩ ١٣٦-١١٦ ١٤٠-١٣٧ ١٤٤-١٤١ ١٤٦-١٤٥ ١٥٢-١٤٧
